"City or Township","Crash Day","Crash Month","Crash Year","Clear","Cloudy","Fog","Rain","Snow","Severe crosswinds","Sleet/hail","Blowing snow","Blowing sand, soil, dirt","Unknown","Total"
"Washtenaw County: Ann Arbor Twp.","1","January","2016","0","0","0","0","1","0","0","0","0","0","1"
"Washtenaw County: Ann Arbor Twp.","1","February","2016","1","0","0","0","0","0","0","0","0","0","1"
"Washtenaw County: Ann Arbor Twp.","1","February","2017","0","0","0","0","2","0","0","0","0","0","2"
"Washtenaw County: Ann Arbor Twp.","1","April","2016","1","0","0","0","0","0","0","0","0","0","1"
"Washtenaw County: Ann Arbor Twp.","1","May","2017","0","1","0","0","0","0","0","0","0","0","1"
"Washtenaw County: Ann Arbor Twp.","1","June","2017","1","0","0","0","0","0","0","0","0","0","1"
"Washtenaw County: Ann Arbor Twp.","1","August","2016","0","1","0","0","0","0","0","0","0","0","1"
"Washtenaw County: Ann Arbor Twp.","1","August","2017","1","0","0","0","0","0","0","0","0","0","1"
"Washtenaw County: Ann Arbor Twp.","1","September","2017","1","0","0","0","0","0","0","0","0","0","1"
"Washtenaw County: Ann Arbor Twp.","1","October","2016","0","0","0","1","0","0","0","0","0","0","1"
"Washtenaw County: Ann Arbor Twp.","1","December","2016","1","0","0","0","0","0","0","0","0","0","1"
"Washtenaw County: Ann Arbor Twp.","1","December","2017","2","0","0","0","0","0","0","0","0","0","2"
"Washtenaw County: Ann Arbor Twp.","2","April","2016","0","1","0","0","5","0","0","0","0","0","6"
"Washtenaw County: Ann Arbor Twp.","2","May","2017","1","0","0","0","0","0","0","0","0","0","1"
"Washtenaw County: Ann Arbor Twp.","2","June","2017","1","0","0","0","0","0","0","0","0","0","1"
"Washtenaw County: Ann Arbor Twp.","2","July","2017","1","0","0","0","0","0","0","0","0","0","1"
"Washtenaw County: Ann Arbor Twp.","2","August","2016","1","0","0","0","0","0","0","0","0","0","1"
"Washtenaw County: Ann Arbor Twp.","2","September","2017","0","1","0","0","0","0","0","0","0","0","1"
"Washtenaw County: Ann Arbor Twp.","2","October","2017","1","0","0","0","0","0","0","0","0","0","1"
"Washtenaw County: Ann Arbor Twp.","2","November","2016","0","1","0","0","0","0","0","0","0","0","1"
"Washtenaw County: Ann Arbor Twp.","2","November","2017","0","0","0","3","0","0","0","0","0","0","3"
"Washtenaw County: Ann Arbor Twp.","3","February","2016","1","1","0","0","0","0","0","0","0","0","2"
"Washtenaw County: Ann Arbor Twp.","3","February","2017","1","0","0","0","0","0","0","0","0","0","1"
"Washtenaw County: Ann Arbor Twp.","3","March","2017","3","0","0","0","0","0","0","0","0","0","3"
"Washtenaw County: Ann Arbor Twp.","3","September","2016","1","0","0","0","0","0","0","0","0","0","1"
"Washtenaw County: Ann Arbor Twp.","3","November","2016","0","1","0","0","0","0","0","0","0","0","1"
"Washtenaw County: Ann Arbor Twp.","4","January","2017","0","0","0","0","0","0","0","1","0","0","1"
"Washtenaw County: Ann Arbor Twp.","4","February","2016","0","2","0","0","1","0","0","0","0","0","3"
"Washtenaw County: Ann Arbor Twp.","4","March","2016","1","1","0","0","0","0","0","0","0","0","2"
"Washtenaw County: Ann Arbor Twp.","4","April","2016","0","1","0","0","0","0","0","0","0","0","1"
"Washtenaw County: Ann Arbor Twp.","4","May","2016","0","1","0","0","0","0","0","0","0","0","1"
"Washtenaw County: Ann Arbor Twp.","4","May","2017","0","0","0","3","0","0","0","0","0","0","3"
"Washtenaw County: Ann Arbor Twp.","4","June","2016","1","0","0","0","0","0","0","0","0","0","1"
"Washtenaw County: Ann Arbor Twp.","4","September","2016","1","0","0","0","0","0","0","0","0","0","1"
"Washtenaw County: Ann Arbor Twp.","4","November","2017","0","1","0","1","0","0","0","0","0","0","2"
"Washtenaw County: Ann Arbor Twp.","4","December","2017","1","0","0","0","0","0","0","0","0","0","1"
"Washtenaw County: Ann Arbor Twp.","5","February","2016","1","0","0","0","0","0","0","0","0","0","1"
"Washtenaw County: Ann Arbor Twp.","5","May","2016","1","0","0","0","0","0","0","0","0","0","1"
"Washtenaw County: Ann Arbor Twp.","5","May","2017","1","0","0","1","0","0","0","0","0","0","2"
"Washtenaw County: Ann Arbor Twp.","5","July","2016","1","0","0","0","0","0","0","0","0","0","1"
"Washtenaw County: Ann Arbor Twp.","5","July","2017","1","0","0","0","0","0","0","0","0","0","1"
"Washtenaw County: Ann Arbor Twp.","5","August","2017","1","0","0","0","0","0","0","0","0","0","1"
"Washtenaw County: Ann Arbor Twp.","5","October","2016","0","1","0","0","0","0","0","0","0","0","1"
"Washtenaw County: Ann Arbor Twp.","5","October","2017","1","0","0","0","0","0","0","0","0","0","1"
"Washtenaw County: Ann Arbor Twp.","5","November","2016","3","0","0","0","0","0","0","0","0","0","3"
"Washtenaw County: Ann Arbor Twp.","5","November","2017","0","0","0","1","0","0","0","0","0","0","1"
"Washtenaw County: Ann Arbor Twp.","6","January","2017","1","2","0","0","2","0","0","0","0","0","5"
"Washtenaw County: Ann Arbor Twp.","6","March","2017","1","0","0","0","0","0","0","0","0","0","1"
"Washtenaw County: Ann Arbor Twp.","6","April","2017","0","0","0","0","1","0","0","0","0","1","2"
"Washtenaw County: Ann Arbor Twp.","6","June","2017","1","0","0","0","0","0","0","0","0","0","1"
"Washtenaw County: Ann Arbor Twp.","6","July","2017","2","0","0","0","0","0","0","0","0","0","2"
"Washtenaw County: Ann Arbor Twp.","6","September","2016","0","1","0","0","0","0","0","0","0","0","1"
"Washtenaw County: Ann Arbor Twp.","6","October","2017","0","0","0","1","0","0","0","0","0","0","1"
"Washtenaw County: Ann Arbor Twp.","6","December","2017","2","0","0","0","0","0","0","0","0","0","2"
"Washtenaw County: Ann Arbor Twp.","7","January","2017","0","1","0","0","2","0","0","0","0","0","3"
"Washtenaw County: Ann Arbor Twp.","7","February","2017","0","0","0","1","0","0","0","0","0","0","1"
"Washtenaw County: Ann Arbor Twp.","7","March","2016","1","1","0","0","0","0","0","0","0","0","2"
"Washtenaw County: Ann Arbor Twp.","7","June","2017","1","0","0","0","0","0","0","0","0","0","1"
"Washtenaw County: Ann Arbor Twp.","7","July","2016","1","0","0","0","0","0","0","0","0","0","1"
"Washtenaw County: Ann Arbor Twp.","7","October","2017","1","0","0","0","0","0","0","0","0","0","1"
"Washtenaw County: Ann Arbor Twp.","7","November","2016","1","0","0","0","0","0","0","0","0","0","1"
"Washtenaw County: Ann Arbor Twp.","7","November","2017","1","0","0","0","0","0","0","0","0","0","1"
"Washtenaw County: Ann Arbor Twp.","8","January","2017","0","1","0","0","0","0","0","0","0","0","1"
"Washtenaw County: Ann Arbor Twp.","8","February","2016","0","1","0","0","0","0","0","0","0","0","1"
"Washtenaw County: Ann Arbor Twp.","8","April","2016","2","0","0","0","0","0","0","0","0","0","2"
"Washtenaw County: Ann Arbor Twp.","8","June","2017","1","0","0","0","0","0","0","0","0","0","1"
"Washtenaw County: Ann Arbor Twp.","8","July","2017","1","0","0","0","0","0","0","0","0","0","1"
"Washtenaw County: Ann Arbor Twp.","8","October","2017","0","1","0","0","0","0","0","0","0","0","1"
"Washtenaw County: Ann Arbor Twp.","8","November","2017","0","1","0","0","0","0","0","0","0","0","1"
"Washtenaw County: Ann Arbor Twp.","8","December","2016","0","0","0","0","0","0","0","1","0","0","1"
"Washtenaw County: Ann Arbor Twp.","8","December","2017","1","0","0","0","0","0","0","0","0","0","1"
"Washtenaw County: Ann Arbor Twp.","9","January","2016","0","0","0","1","0","0","0","0","0","0","1"
"Washtenaw County: Ann Arbor Twp.","9","February","2017","0","1","0","0","0","0","0","0","0","0","1"
"Washtenaw County: Ann Arbor Twp.","9","March","2016","1","1","0","0","0","0","0","0","0","0","2"
"Washtenaw County: Ann Arbor Twp.","9","May","2016","2","0","0","0","0","0","0","0","0","0","2"
"Washtenaw County: Ann Arbor Twp.","9","June","2016","0","1","0","0","0","0","0","0","0","0","1"
"Washtenaw County: Ann Arbor Twp.","9","June","2017","0","0","0","1","0","0","0","0","0","0","1"
"Washtenaw County: Ann Arbor Twp.","9","August","2017","1","0","0","0","0","0","0","0","0","0","1"
"Washtenaw County: Ann Arbor Twp.","9","September","2016","0","1","0","0","0","0","0","0","0","0","1"
"Washtenaw County: Ann Arbor Twp.","9","September","2017","2","0","0","0","0","0","0","0","0","0","2"
"Washtenaw County: Ann Arbor Twp.","9","November","2017","0","0","0","0","4","0","0","0","0","0","4"
"Washtenaw County: Ann Arbor Twp.","9","December","2016","0","0","0","0","1","0","0","0","0","0","1"
"Washtenaw County: Ann Arbor Twp.","10","February","2017","0","1","0","0","0","0","0","0","0","0","1"
"Washtenaw County: Ann Arbor Twp.","10","March","2017","1","0","0","0","0","0","0","0","0","0","1"
"Washtenaw County: Ann Arbor Twp.","10","April","2017","1","0","0","0","0","0","0","0","0","0","1"
"Washtenaw County: Ann Arbor Twp.","10","May","2016","0","0","0","2","0","0","0","0","0","0","2"
"Washtenaw County: Ann Arbor Twp.","10","June","2017","0","0","0","0","0","0","0","0","0","1","1"
"Washtenaw County: Ann Arbor Twp.","10","August","2016","2","0","0","0","0","0","0","0","0","0","2"
"Washtenaw County: Ann Arbor Twp.","10","August","2017","1","0","0","0","0","0","0","0","0","0","1"
"Washtenaw County: Ann Arbor Twp.","10","September","2016","0","0","0","1","0","0","0","0","0","0","1"
"Washtenaw County: Ann Arbor Twp.","10","September","2017","1","0","0","0","0","0","0","0","0","0","1"
"Washtenaw County: Ann Arbor Twp.","10","November","2017","1","0","0","0","0","0","0","0","0","0","1"
"Washtenaw County: Ann Arbor Twp.","10","December","2016","0","0","0","0","1","0","0","0","0","0","1"
"Washtenaw County: Ann Arbor Twp.","11","March","2016","1","0","0","0","0","0","0","0","0","0","1"
"Washtenaw County: Ann Arbor Twp.","11","April","2016","1","0","0","0","0","0","0","0","0","0","1"
"Washtenaw County: Ann Arbor Twp.","11","April","2017","2","0","0","0","0","0","0","0","0","0","2"
"Washtenaw County: Ann Arbor Twp.","11","June","2016","2","0","0","0","0","0","0","0","0","0","2"
"Washtenaw County: Ann Arbor Twp.","11","September","2016","1","0","0","0","0","0","0","0","0","0","1"
"Washtenaw County: Ann Arbor Twp.","11","November","2016","1","0","0","0","0","0","0","0","0","0","1"
"Washtenaw County: Ann Arbor Twp.","11","December","2016","0","0","0","0","5","0","0","0","0","0","5"
"Washtenaw County: Ann Arbor Twp.","11","December","2017","0","0","0","0","1","0","0","0","0","0","1"
"Washtenaw County: Ann Arbor Twp.","12","January","2016","0","0","0","0","1","0","0","0","0","0","1"
"Washtenaw County: Ann Arbor Twp.","12","February","2017","0","1","0","0","0","0","0","0","0","0","1"
"Washtenaw County: Ann Arbor Twp.","12","April","2016","1","0","0","0","0","0","0","0","0","0","1"
"Washtenaw County: Ann Arbor Twp.","12","April","2017","1","0","0","0","0","0","0","0","0","0","1"
"Washtenaw County: Ann Arbor Twp.","12","July","2017","1","0","0","0","0","0","0","0","0","0","1"
"Washtenaw County: Ann Arbor Twp.","12","August","2017","0","1","0","0","0","0","0","0","0","0","1"
"Washtenaw County: Ann Arbor Twp.","12","October","2017","0","0","0","1","0","0","0","0","0","0","1"
"Washtenaw County: Ann Arbor Twp.","13","January","2017","2","0","0","0","0","0","0","0","0","0","2"
"Washtenaw County: Ann Arbor Twp.","13","March","2017","0","0","0","0","1","0","0","0","0","0","1"
"Washtenaw County: Ann Arbor Twp.","13","June","2016","1","0","0","0","0","0","0","0","0","0","1"
"Washtenaw County: Ann Arbor Twp.","13","July","2016","0","1","0","0","0","0","0","0","0","0","1"
"Washtenaw County: Ann Arbor Twp.","13","August","2016","0","0","0","1","0","0","0","0","0","0","1"
"Washtenaw County: Ann Arbor Twp.","13","September","2017","0","1","0","0","0","0","0","0","0","0","1"
"Washtenaw County: Ann Arbor Twp.","13","November","2016","1","0","0","0","0","0","0","0","0","0","1"
"Washtenaw County: Ann Arbor Twp.","13","November","2017","0","3","0","0","0","0","0","0","0","0","3"
"Washtenaw County: Ann Arbor Twp.","13","December","2016","1","0","0","0","0","0","0","0","0","0","1"
"Washtenaw County: Ann Arbor Twp.","13","December","2017","0","0","0","0","2","0","0","0","0","0","2"
"Washtenaw County: Ann Arbor Twp.","14","January","2016","0","2","0","0","0","0","0","0","0","0","2"
"Washtenaw County: Ann Arbor Twp.","14","April","2016","1","0","0","0","0","0","0","0","0","0","1"
"Washtenaw County: Ann Arbor Twp.","14","April","2017","0","1","0","0","0","0","0","0","0","0","1"
"Washtenaw County: Ann Arbor Twp.","14","June","2016","2","0","0","0","0","0","0","0","0","0","2"
"Washtenaw County: Ann Arbor Twp.","14","July","2017","4","0","0","0","0","0","0","0","0","0","4"
"Washtenaw County: Ann Arbor Twp.","14","August","2017","1","0","0","0","0","0","0","0","0","0","1"
"Washtenaw County: Ann Arbor Twp.","14","October","2016","1","0","0","0","0","0","0","0","0","0","1"
"Washtenaw County: Ann Arbor Twp.","14","November","2017","1","1","0","0","0","0","0","0","0","0","2"
"Washtenaw County: Ann Arbor Twp.","15","January","2017","1","0","0","0","0","0","0","0","0","0","1"
"Washtenaw County: Ann Arbor Twp.","15","April","2017","1","0","0","0","0","0","0","0","0","0","1"
"Washtenaw County: Ann Arbor Twp.","15","August","2016","1","0","0","0","0","0","0","0","0","0","1"
"Washtenaw County: Ann Arbor Twp.","15","August","2017","1","0","0","0","0","0","0","0","0","0","1"
"Washtenaw County: Ann Arbor Twp.","15","September","2016","1","0","0","0","0","0","0","0","0","0","1"
"Washtenaw County: Ann Arbor Twp.","15","September","2017","0","1","0","0","0","0","0","0","0","0","1"
"Washtenaw County: Ann Arbor Twp.","15","November","2016","0","1","0","0","0","0","0","0","0","0","1"
"Washtenaw County: Ann Arbor Twp.","15","December","2016","0","1","0","0","0","0","0","0","0","0","1"
"Washtenaw County: Ann Arbor Twp.","16","May","2016","0","0","0","0","0","0","0","0","0","1","1"
"Washtenaw County: Ann Arbor Twp.","16","June","2016","1","0","0","0","0","0","0","0","0","0","1"
"Washtenaw County: Ann Arbor Twp.","16","August","2016","1","0","0","0","0","0","0","0","0","0","1"
"Washtenaw County: Ann Arbor Twp.","16","August","2017","1","0","0","0","0","0","0","0","0","0","1"
"Washtenaw County: Ann Arbor Twp.","16","September","2016","1","0","0","0","0","0","0","0","0","0","1"
"Washtenaw County: Ann Arbor Twp.","16","September","2017","1","0","0","0","0","0","0","0","0","0","1"
"Washtenaw County: Ann Arbor Twp.","16","October","2016","0","1","0","0","0","0","0","0","0","0","1"
"Washtenaw County: Ann Arbor Twp.","16","December","2016","0","2","0","0","2","0","0","0","0","0","4"
"Washtenaw County: Ann Arbor Twp.","16","December","2017","1","0","0","0","0","0","0","0","0","0","1"
"Washtenaw County: Ann Arbor Twp.","17","March","2017","0","0","0","1","0","0","0","0","0","0","1"
"Washtenaw County: Ann Arbor Twp.","17","April","2016","1","0","0","0","0","0","0","0","0","0","1"
"Washtenaw County: Ann Arbor Twp.","17","April","2017","1","0","0","0","0","0","0","0","0","0","1"
"Washtenaw County: Ann Arbor Twp.","17","May","2017","1","0","0","0","0","0","0","0","0","0","1"
"Washtenaw County: Ann Arbor Twp.","17","August","2017","0","0","0","1","0","0","0","0","0","0","1"
"Washtenaw County: Ann Arbor Twp.","17","September","2017","1","0","0","0","0","0","0","0","0","0","1"
"Washtenaw County: Ann Arbor Twp.","17","November","2016","0","1","0","0","0","0","0","0","0","0","1"
"Washtenaw County: Ann Arbor Twp.","17","December","2016","0","0","0","0","1","0","0","0","0","0","1"
"Washtenaw County: Ann Arbor Twp.","18","January","2016","0","0","0","0","1","0","0","0","0","0","1"
"Washtenaw County: Ann Arbor Twp.","18","February","2016","1","0","0","0","0","0","0","0","0","0","1"
"Washtenaw County: Ann Arbor Twp.","18","February","2017","1","0","0","0","0","0","0","0","0","0","1"
"Washtenaw County: Ann Arbor Twp.","18","March","2016","1","0","0","0","0","0","0","0","0","0","1"
"Washtenaw County: Ann Arbor Twp.","18","May","2017","1","0","0","0","0","0","0","0","0","0","1"
"Washtenaw County: Ann Arbor Twp.","18","July","2017","1","0","0","0","0","0","0","0","0","0","1"
"Washtenaw County: Ann Arbor Twp.","18","August","2017","1","0","0","0","0","0","0","0","0","0","1"
"Washtenaw County: Ann Arbor Twp.","18","October","2016","0","2","0","0","0","0","0","0","0","0","2"
"Washtenaw County: Ann Arbor Twp.","18","October","2017","2","0","0","0","0","0","0","0","0","0","2"
"Washtenaw County: Ann Arbor Twp.","18","November","2017","0","0","0","1","0","0","0","0","0","0","1"
"Washtenaw County: Ann Arbor Twp.","19","January","2017","1","0","0","0","0","0","0","0","0","0","1"
"Washtenaw County: Ann Arbor Twp.","19","July","2016","1","0","0","0","0","0","0","0","0","0","1"
"Washtenaw County: Ann Arbor Twp.","19","July","2017","2","0","0","0","0","0","0","0","0","0","2"
"Washtenaw County: Ann Arbor Twp.","19","August","2016","0","1","0","0","0","0","0","0","0","0","1"
"Washtenaw County: Ann Arbor Twp.","19","August","2017","1","0","0","0","0","0","0","0","0","0","1"
"Washtenaw County: Ann Arbor Twp.","19","October","2016","1","1","0","0","0","0","0","0","0","0","2"
"Washtenaw County: Ann Arbor Twp.","19","November","2016","1","1","0","1","0","0","0","0","0","0","3"
"Washtenaw County: Ann Arbor Twp.","19","November","2017","0","1","0","0","0","0","0","0","0","0","1"
"Washtenaw County: Ann Arbor Twp.","20","January","2016","0","1","0","0","0","0","0","0","0","0","1"
"Washtenaw County: Ann Arbor Twp.","20","January","2017","0","0","1","0","0","0","0","0","0","0","1"
"Washtenaw County: Ann Arbor Twp.","20","February","2017","1","0","0","0","0","0","0","0","0","0","1"
"Washtenaw County: Ann Arbor Twp.","20","March","2017","0","1","0","0","0","0","0","0","0","0","1"
"Washtenaw County: Ann Arbor Twp.","20","April","2016","1","0","0","0","0","0","0","0","0","0","1"
"Washtenaw County: Ann Arbor Twp.","20","April","2017","0","1","0","0","0","0","0","0","0","0","1"
"Washtenaw County: Ann Arbor Twp.","20","June","2016","1","0","0","0","0","0","0","0","0","0","1"
"Washtenaw County: Ann Arbor Twp.","20","June","2017","0","1","0","0","0","0","0","0","0","0","1"
"Washtenaw County: Ann Arbor Twp.","20","August","2016","0","1","0","0","0","0","0","0","0","0","1"
"Washtenaw County: Ann Arbor Twp.","20","August","2017","1","0","0","0","0","0","0","0","0","0","1"
"Washtenaw County: Ann Arbor Twp.","20","September","2016","1","0","0","0","0","0","0","0","0","0","1"
"Washtenaw County: Ann Arbor Twp.","20","September","2017","1","0","0","0","0","0","0","0","0","0","1"
"Washtenaw County: Ann Arbor Twp.","20","October","2016","0","0","0","1","0","0","0","0","0","0","1"
"Washtenaw County: Ann Arbor Twp.","20","November","2016","0","1","0","0","0","0","0","0","0","0","1"
"Washtenaw County: Ann Arbor Twp.","20","November","2017","0","1","0","0","0","0","0","0","0","0","1"
"Washtenaw County: Ann Arbor Twp.","20","December","2017","0","2","0","0","0","0","0","0","0","0","2"
"Washtenaw County: Ann Arbor Twp.","21","January","2016","0","2","0","0","2","0","0","0","0","0","4"
"Washtenaw County: Ann Arbor Twp.","21","March","2016","2","0","0","0","0","0","0","0","0","0","2"
"Washtenaw County: Ann Arbor Twp.","21","April","2016","0","1","0","0","0","0","0","0","0","0","1"
"Washtenaw County: Ann Arbor Twp.","21","June","2016","1","0","0","0","0","0","0","0","0","0","1"
"Washtenaw County: Ann Arbor Twp.","21","September","2017","1","0","0","0","0","0","0","0","0","0","1"
"Washtenaw County: Ann Arbor Twp.","21","October","2016","0","1","0","0","0","0","0","0","0","0","1"
"Washtenaw County: Ann Arbor Twp.","21","November","2016","1","0","0","0","0","0","0","0","0","0","1"
"Washtenaw County: Ann Arbor Twp.","21","November","2017","0","0","0","2","0","0","0","0","0","0","2"
"Washtenaw County: Ann Arbor Twp.","22","January","2016","0","1","0","0","0","0","0","0","0","0","1"
"Washtenaw County: Ann Arbor Twp.","22","February","2016","0","1","0","0","0","0","0","0","0","0","1"
"Washtenaw County: Ann Arbor Twp.","22","March","2017","1","0","0","0","0","0","0","0","0","0","1"
"Washtenaw County: Ann Arbor Twp.","22","May","2017","1","0","0","0","0","0","0","0","0","0","1"
"Washtenaw County: Ann Arbor Twp.","22","June","2016","1","0","0","0","0","0","0","0","0","0","1"
"Washtenaw County: Ann Arbor Twp.","22","June","2017","1","0","0","0","0","0","0","0","0","0","1"
"Washtenaw County: Ann Arbor Twp.","22","August","2016","1","0","0","0","0","0","0","0","0","0","1"
"Washtenaw County: Ann Arbor Twp.","22","August","2017","1","0","0","0","0","0","0","0","0","0","1"
"Washtenaw County: Ann Arbor Twp.","22","September","2017","1","0","0","0","0","0","0","0","0","0","1"
"Washtenaw County: Ann Arbor Twp.","22","October","2016","2","0","0","0","0","0","0","0","0","0","2"
"Washtenaw County: Ann Arbor Twp.","22","October","2017","1","0","0","0","0","0","0","0","0","0","1"
"Washtenaw County: Ann Arbor Twp.","22","November","2017","2","0","0","0","0","0","0","0","0","0","2"
"Washtenaw County: Ann Arbor Twp.","22","December","2017","1","0","0","0","0","0","0","0","0","0","1"
"Washtenaw County: Ann Arbor Twp.","23","July","2017","0","1","0","0","0","0","0","0","0","0","1"
"Washtenaw County: Ann Arbor Twp.","23","October","2016","1","0","0","0","0","0","0","0","0","0","1"
"Washtenaw County: Ann Arbor Twp.","23","November","2016","0","0","0","1","0","0","0","0","0","0","1"
"Washtenaw County: Ann Arbor Twp.","23","November","2017","1","0","0","0","0","0","0","0","0","0","1"
"Washtenaw County: Ann Arbor Twp.","23","December","2016","1","0","0","0","0","0","0","0","0","0","1"
"Washtenaw County: Ann Arbor Twp.","23","December","2017","0","0","0","0","2","0","0","0","0","0","2"
"Washtenaw County: Ann Arbor Twp.","24","February","2016","0","0","0","0","4","0","0","0","0","0","4"
"Washtenaw County: Ann Arbor Twp.","24","March","2016","0","0","0","2","0","0","0","0","0","0","2"
"Washtenaw County: Ann Arbor Twp.","24","June","2016","1","0","0","0","0","0","0","0","0","0","1"
"Washtenaw County: Ann Arbor Twp.","24","August","2016","0","1","0","0","0","0","0","0","0","0","1"
"Washtenaw County: Ann Arbor Twp.","24","August","2017","0","1","0","0","0","0","0","0","0","0","1"
"Washtenaw County: Ann Arbor Twp.","24","September","2016","2","0","0","0","0","0","0","0","0","0","2"
"Washtenaw County: Ann Arbor Twp.","24","October","2017","0","1","0","0","0","0","0","0","0","0","1"
"Washtenaw County: Ann Arbor Twp.","24","December","2017","0","0","0","2","1","0","0","0","0","0","3"
"Washtenaw County: Ann Arbor Twp.","25","March","2017","0","0","0","1","0","0","0","0","0","0","1"
"Washtenaw County: Ann Arbor Twp.","25","May","2016","1","0","0","0","0","0","0","0","0","0","1"
"Washtenaw County: Ann Arbor Twp.","25","June","2016","1","0","0","0","0","0","0","0","0","0","1"
"Washtenaw County: Ann Arbor Twp.","25","June","2017","1","1","0","0","0","0","0","0","0","0","2"
"Washtenaw County: Ann Arbor Twp.","25","August","2017","1","0","0","0","0","0","0","0","0","0","1"
"Washtenaw County: Ann Arbor Twp.","25","September","2016","1","0","0","0","0","0","0","0","0","0","1"
"Washtenaw County: Ann Arbor Twp.","25","September","2017","1","0","0","0","0","0","0","0","0","0","1"
"Washtenaw County: Ann Arbor Twp.","25","November","2017","1","0","0","0","0","0","0","0","0","0","1"
"Washtenaw County: Ann Arbor Twp.","25","December","2017","1","0","0","0","1","0","0","0","0","0","2"
"Washtenaw County: Ann Arbor Twp.","26","January","2017","0","1","0","0","0","0","0","0","0","0","1"
"Washtenaw County: Ann Arbor Twp.","26","February","2016","1","0","0","0","0","0","0","0","0","0","1"
"Washtenaw County: Ann Arbor Twp.","26","May","2016","1","0","0","0","0","0","0","0","0","0","1"
"Washtenaw County: Ann Arbor Twp.","26","May","2017","1","0","0","0","0","0","0","0","0","0","1"
"Washtenaw County: Ann Arbor Twp.","26","June","2017","1","0","0","0","0","0","0","0","0","0","1"
"Washtenaw County: Ann Arbor Twp.","26","July","2016","1","0","0","0","0","0","0","0","0","0","1"
"Washtenaw County: Ann Arbor Twp.","26","October","2016","0","0","0","2","0","0","0","0","0","0","2"
"Washtenaw County: Ann Arbor Twp.","26","December","2016","0","0","0","1","0","0","0","0","0","0","1"
"Washtenaw County: Ann Arbor Twp.","27","January","2016","0","1","0","0","0","0","0","0","0","0","1"
"Washtenaw County: Ann Arbor Twp.","27","January","2017","1","0","0","0","1","0","0","0","0","0","2"
"Washtenaw County: Ann Arbor Twp.","27","February","2016","0","1","0","0","0","0","0","0","0","0","1"
"Washtenaw County: Ann Arbor Twp.","27","February","2017","2","0","0","0","0","0","0","0","0","0","2"
"Washtenaw County: Ann Arbor Twp.","27","March","2017","1","0","0","0","0","0","0","0","0","0","1"
"Washtenaw County: Ann Arbor Twp.","27","May","2016","1","0","0","0","0","0","0","0","0","0","1"
"Washtenaw County: Ann Arbor Twp.","27","July","2016","2","2","0","0","0","0","0","0","0","0","4"
"Washtenaw County: Ann Arbor Twp.","27","July","2017","2","1","0","0","0","0","0","0","0","0","3"
"Washtenaw County: Ann Arbor Twp.","27","August","2016","0","1","0","0","0","0","0","0","0","0","1"
"Washtenaw County: Ann Arbor Twp.","27","September","2017","0","1","0","0","0","0","0","0","0","0","1"
"Washtenaw County: Ann Arbor Twp.","27","October","2017","0","0","0","4","0","0","0","0","0","0","4"
"Washtenaw County: Ann Arbor Twp.","28","February","2017","0","0","0","1","0","0","0","0","0","0","1"
"Washtenaw County: Ann Arbor Twp.","28","April","2016","0","0","0","1","0","0","0","0","0","0","1"
"Washtenaw County: Ann Arbor Twp.","28","April","2017","0","1","0","0","0","0","0","0","0","0","1"
"Washtenaw County: Ann Arbor Twp.","28","July","2017","1","0","0","0","0","0","0","0","0","0","1"
"Washtenaw County: Ann Arbor Twp.","28","August","2017","0","0","0","1","0","0","0","0","0","0","1"
"Washtenaw County: Ann Arbor Twp.","28","September","2016","0","1","0","0","0","0","0","0","0","0","1"
"Washtenaw County: Ann Arbor Twp.","28","October","2016","0","1","0","0","0","0","0","0","0","0","1"
"Washtenaw County: Ann Arbor Twp.","28","November","2017","1","0","0","0","0","0","0","0","0","0","1"
"Washtenaw County: Ann Arbor Twp.","29","January","2016","0","3","0","0","0","0","0","0","0","0","3"
"Washtenaw County: Ann Arbor Twp.","29","January","2017","0","0","0","0","1","0","0","0","0","0","1"
"Washtenaw County: Ann Arbor Twp.","29","February","2016","0","1","0","0","0","0","0","0","0","0","1"
"Washtenaw County: Ann Arbor Twp.","29","March","2017","1","0","0","0","0","0","0","0","0","0","1"
"Washtenaw County: Ann Arbor Twp.","29","August","2016","3","1","0","0","0","0","0","0","0","0","4"
"Washtenaw County: Ann Arbor Twp.","29","September","2016","0","0","0","1","0","0","0","0","0","0","1"
"Washtenaw County: Ann Arbor Twp.","29","September","2017","1","2","0","0","0","0","0","0","0","0","3"
"Washtenaw County: Ann Arbor Twp.","29","November","2016","1","0","0","0","0","0","0","0","0","0","1"
"Washtenaw County: Ann Arbor Twp.","29","November","2017","1","0","0","0","0","0","0","0","0","0","1"
"Washtenaw County: Ann Arbor Twp.","30","January","2017","0","0","0","0","1","0","0","0","0","0","1"
"Washtenaw County: Ann Arbor Twp.","30","April","2016","1","0","0","0","0","0","0","0","0","0","1"
"Washtenaw County: Ann Arbor Twp.","30","April","2017","0","1","0","1","0","0","0","0","0","0","2"
"Washtenaw County: Ann Arbor Twp.","30","October","2016","0","0","0","1","0","0","0","0","0","0","1"
"Washtenaw County: Ann Arbor Twp.","31","May","2016","1","0","0","0","0","0","0","0","0","0","1"
"Washtenaw County: Ann Arbor Twp.","31","May","2017","1","0","0","0","0","0","0","0","0","0","1"
"Washtenaw County: Ann Arbor Twp.","31","August","2017","1","0","0","0","0","0","0","0","0","0","1"
"Washtenaw County: Ann Arbor Twp.","31","December","2017","1","1","0","0","0","0","0","0","0","0","2"
"Washtenaw County: Lodi Twp.","1","November","2016","1","0","0","0","0","0","0","0","0","0","1"
"Washtenaw County: Lodi Twp.","2","February","2017","1","0","0","0","0","0","0","0","0","0","1"
"Washtenaw County: Lodi Twp.","6","September","2016","1","0","0","0","0","0","0","0","0","0","1"
"Washtenaw County: Lodi Twp.","7","May","2016","1","0","0","0","0","0","0","0","0","0","1"
"Washtenaw County: Lodi Twp.","8","November","2016","1","0","0","0","0","0","0","0","0","0","1"
"Washtenaw County: Lodi Twp.","11","January","2017","0","0","0","1","0","0","0","0","0","0","1"
"Washtenaw County: Lodi Twp.","11","November","2017","0","1","0","0","0","0","0","0","0","0","1"
"Washtenaw County: Lodi Twp.","12","January","2016","0","0","0","0","1","0","0","0","0","0","1"
"Washtenaw County: Lodi Twp.","19","March","2017","1","1","0","0","0","0","0","0","0","0","2"
"Washtenaw County: Lodi Twp.","19","November","2017","1","0","0","0","0","0","0","0","0","0","1"
"Washtenaw County: Lodi Twp.","19","December","2017","1","0","0","0","0","0","0","0","0","0","1"
"Washtenaw County: Lodi Twp.","24","February","2016","0","0","0","0","1","0","0","0","0","0","1"
"Washtenaw County: Lodi Twp.","26","September","2017","1","0","0","0","0","0","0","0","0","0","1"
"Washtenaw County: Lodi Twp.","28","October","2016","1","0","0","0","0","0","0","0","0","0","1"
"Washtenaw County: Pittsfield Twp.","1","March","2016","0","0","0","0","2","0","0","0","0","0","2"
"Washtenaw County: Pittsfield Twp.","1","April","2016","1","0","0","0","0","0","0","0","0","0","1"
"Washtenaw County: Pittsfield Twp.","1","June","2017","1","0","0","0","0","0","0","0","0","0","1"
"Washtenaw County: Pittsfield Twp.","2","May","2017","0","1","0","0","0","0","0","0","0","0","1"
"Washtenaw County: Pittsfield Twp.","2","November","2017","0","0","0","1","0","0","0","0","0","0","1"
"Washtenaw County: Pittsfield Twp.","3","April","2017","0","0","0","1","0","0","0","0","0","0","1"
"Washtenaw County: Pittsfield Twp.","3","July","2016","1","0","0","0","0","0","0","0","0","0","1"
"Washtenaw County: Pittsfield Twp.","3","November","2016","0","1","0","0","0","0","0","0","0","0","1"
"Washtenaw County: Pittsfield Twp.","3","November","2017","0","0","0","1","0","0","0","0","0","0","1"
"Washtenaw County: Pittsfield Twp.","4","May","2016","0","0","0","1","0","0","0","0","0","0","1"
"Washtenaw County: Pittsfield Twp.","4","November","2016","3","0","0","0","0","0","0","0","0","0","3"
"Washtenaw County: Pittsfield Twp.","5","January","2017","0","0","0","0","1","0","0","0","0","0","1"
"Washtenaw County: Pittsfield Twp.","5","February","2016","1","0","0","0","0","0","0","0","0","0","1"
"Washtenaw County: Pittsfield Twp.","5","June","2017","1","0","0","0","0","0","0","0","0","0","1"
"Washtenaw County: Pittsfield Twp.","5","July","2016","1","0","0","0","0","0","0","0","0","0","1"
"Washtenaw County: Pittsfield Twp.","5","September","2017","2","0","0","0","0","0","0","0","0","0","2"
"Washtenaw County: Pittsfield Twp.","6","February","2017","0","1","0","0","0","0","0","0","0","0","1"
"Washtenaw County: Pittsfield Twp.","6","August","2016","1","0","0","0","0","0","0","0","0","0","1"
"Washtenaw County: Pittsfield Twp.","6","September","2017","1","0","0","0","0","0","0","0","0","0","1"
"Washtenaw County: Pittsfield Twp.","7","January","2016","1","0","0","0","0","0","0","0","0","0","1"
"Washtenaw County: Pittsfield Twp.","7","January","2017","0","0","0","0","0","0","0","0","0","1","1"
"Washtenaw County: Pittsfield Twp.","7","April","2016","0","0","0","1","1","0","0","0","0","0","2"
"Washtenaw County: Pittsfield Twp.","7","April","2017","1","0","0","0","0","0","0","0","0","0","1"
"Washtenaw County: Pittsfield Twp.","7","June","2016","1","0","0","0","0","0","0","0","0","0","1"
"Washtenaw County: Pittsfield Twp.","7","September","2016","1","0","0","0","0","0","0","0","0","0","1"
"Washtenaw County: Pittsfield Twp.","7","September","2017","0","0","0","1","0","0","0","0","0","0","1"
"Washtenaw County: Pittsfield Twp.","7","November","2016","1","0","0","0","0","0","0","0","0","0","1"
"Washtenaw County: Pittsfield Twp.","8","September","2016","1","0","0","0","0","0","0","0","0","0","1"
"Washtenaw County: Pittsfield Twp.","8","December","2016","0","0","0","0","1","0","0","0","0","0","1"
"Washtenaw County: Pittsfield Twp.","9","February","2016","0","1","0","0","0","0","0","0","0","0","1"
"Washtenaw County: Pittsfield Twp.","9","May","2016","2","1","0","0","0","0","0","0","0","0","3"
"Washtenaw County: Pittsfield Twp.","9","August","2017","1","0","0","0","0","0","0","0","0","0","1"
"Washtenaw County: Pittsfield Twp.","10","February","2016","0","0","0","0","1","0","0","0","0","0","1"
"Washtenaw County: Pittsfield Twp.","11","January","2016","0","0","0","0","1","0","0","0","0","0","1"
"Washtenaw County: Pittsfield Twp.","11","July","2017","1","0","0","0","0","0","0","0","0","0","1"
"Washtenaw County: Pittsfield Twp.","12","March","2017","1","0","0","0","0","0","0","0","0","0","1"
"Washtenaw County: Pittsfield Twp.","12","August","2016","1","0","0","0","0","0","0","0","0","0","1"
"Washtenaw County: Pittsfield Twp.","12","December","2016","0","2","0","0","0","0","0","0","0","0","2"
"Washtenaw County: Pittsfield Twp.","13","February","2017","1","0","0","0","0","0","0","0","0","0","1"
"Washtenaw County: Pittsfield Twp.","13","March","2016","0","0","0","1","0","0","0","0","0","0","1"
"Washtenaw County: Pittsfield Twp.","13","March","2017","0","0","0","0","0","0","0","1","0","0","1"
"Washtenaw County: Pittsfield Twp.","13","June","2017","1","0","0","0","0","0","0","0","0","0","1"
"Washtenaw County: Pittsfield Twp.","14","May","2016","0","1","0","0","0","0","0","0","0","0","1"
"Washtenaw County: Pittsfield Twp.","14","June","2017","0","1","0","0","0","0","0","0","0","0","1"
"Washtenaw County: Pittsfield Twp.","14","August","2017","0","1","0","0","0","0","0","0","0","0","1"
"Washtenaw County: Pittsfield Twp.","14","September","2017","1","0","0","0","0","0","0","0","0","0","1"
"Washtenaw County: Pittsfield Twp.","15","July","2016","2","0","0","0","0","0","0","0","0","0","2"
"Washtenaw County: Pittsfield Twp.","15","August","2017","1","0","0","0","0","0","0","0","0","0","1"
"Washtenaw County: Pittsfield Twp.","15","December","2016","1","0","0","0","0","0","0","0","0","0","1"
"Washtenaw County: Pittsfield Twp.","16","February","2017","1","0","0","0","0","0","0","0","0","0","1"
"Washtenaw County: Pittsfield Twp.","16","July","2016","0","1","0","0","0","0","0","0","0","0","1"
"Washtenaw County: Pittsfield Twp.","16","November","2016","1","0","0","0","0","0","0","0","0","0","1"
"Washtenaw County: Pittsfield Twp.","16","November","2017","2","0","0","0","0","0","0","0","0","0","2"
"Washtenaw County: Pittsfield Twp.","16","December","2017","0","1","0","0","0","0","0","0","0","0","1"
"Washtenaw County: Pittsfield Twp.","17","February","2016","1","0","0","0","0","0","0","0","0","0","1"
"Washtenaw County: Pittsfield Twp.","17","February","2017","0","0","0","0","0","0","0","0","0","1","1"
"Washtenaw County: Pittsfield Twp.","17","May","2016","0","1","0","0","0","0","0","0","0","0","1"
"Washtenaw County: Pittsfield Twp.","17","August","2017","0","0","0","1","0","0","0","0","0","0","1"
"Washtenaw County: Pittsfield Twp.","17","September","2017","1","0","0","0","0","0","0","0","0","0","1"
"Washtenaw County: Pittsfield Twp.","17","November","2016","1","0","0","0","0","0","0","0","0","0","1"
"Washtenaw County: Pittsfield Twp.","18","February","2016","2","0","0","0","0","0","0","0","0","0","2"
"Washtenaw County: Pittsfield Twp.","18","March","2016","0","1","0","0","0","0","0","0","0","0","1"
"Washtenaw County: Pittsfield Twp.","18","May","2017","1","0","0","0","0","0","0","0","0","0","1"
"Washtenaw County: Pittsfield Twp.","19","August","2017","1","0","0","0","0","0","0","0","0","0","1"
"Washtenaw County: Pittsfield Twp.","19","September","2016","1","0","0","0","0","0","0","0","0","0","1"
"Washtenaw County: Pittsfield Twp.","19","October","2016","0","1","0","0","0","0","0","0","0","0","1"
"Washtenaw County: Pittsfield Twp.","19","October","2017","1","0","0","0","0","0","0","0","0","0","1"
"Washtenaw County: Pittsfield Twp.","19","November","2016","0","0","0","0","1","0","0","0","0","0","1"
"Washtenaw County: Pittsfield Twp.","20","June","2017","2","0","0","0","0","0","0","0","0","0","2"
"Washtenaw County: Pittsfield Twp.","21","March","2016","0","1","0","0","0","0","0","0","0","0","1"
"Washtenaw County: Pittsfield Twp.","21","May","2017","0","1","0","0","0","0","0","0","0","0","1"
"Washtenaw County: Pittsfield Twp.","21","July","2017","1","0","0","0","0","0","0","0","0","0","1"
"Washtenaw County: Pittsfield Twp.","21","November","2016","3","0","0","0","0","0","0","0","0","0","3"
"Washtenaw County: Pittsfield Twp.","21","November","2017","0","0","0","1","0","0","0","0","0","0","1"
"Washtenaw County: Pittsfield Twp.","22","May","2016","1","0","0","0","0","0","0","0","0","0","1"
"Washtenaw County: Pittsfield Twp.","22","June","2017","1","0","0","0","0","0","0","0","0","0","1"
"Washtenaw County: Pittsfield Twp.","22","December","2017","1","0","0","0","0","0","0","0","0","0","1"
"Washtenaw County: Pittsfield Twp.","24","February","2016","0","0","0","0","1","0","0","0","0","0","1"
"Washtenaw County: Pittsfield Twp.","24","March","2016","0","0","0","1","0","0","0","0","0","0","1"
"Washtenaw County: Pittsfield Twp.","24","July","2017","0","1","0","0","0","0","0","0","0","0","1"
"Washtenaw County: Pittsfield Twp.","24","October","2016","1","0","0","0","0","0","0","0","0","0","1"
"Washtenaw County: Pittsfield Twp.","25","April","2017","1","0","0","0","0","0","0","0","0","0","1"
"Washtenaw County: Pittsfield Twp.","25","June","2016","1","0","0","0","0","0","0","0","0","0","1"
"Washtenaw County: Pittsfield Twp.","25","October","2016","1","0","0","0","0","0","0","0","0","0","1"
"Washtenaw County: Pittsfield Twp.","26","March","2017","0","0","0","1","0","0","0","0","0","0","1"
"Washtenaw County: Pittsfield Twp.","26","June","2016","1","0","0","0","0","0","0","0","0","0","1"
"Washtenaw County: Pittsfield Twp.","27","May","2016","1","0","0","0","0","0","0","0","0","0","1"
"Washtenaw County: Pittsfield Twp.","27","October","2017","0","0","0","1","0","0","0","0","0","0","1"
"Washtenaw County: Pittsfield Twp.","28","January","2016","0","0","0","0","1","0","0","0","0","0","1"
"Washtenaw County: Pittsfield Twp.","28","July","2016","2","0","0","0","0","0","0","0","0","0","2"
"Washtenaw County: Pittsfield Twp.","28","July","2017","1","0","0","0","0","0","0","0","0","0","1"
"Washtenaw County: Pittsfield Twp.","28","August","2016","1","0","0","0","0","0","0","0","0","0","1"
"Washtenaw County: Pittsfield Twp.","28","November","2017","0","1","0","0","0","0","0","0","0","0","1"
"Washtenaw County: Pittsfield Twp.","28","December","2016","1","0","0","0","0","0","0","0","0","0","1"
"Washtenaw County: Pittsfield Twp.","29","August","2017","0","0","0","1","0","0","0","0","0","0","1"
"Washtenaw County: Pittsfield Twp.","30","August","2016","1","0","0","0","0","0","0","0","0","0","1"
"Washtenaw County: Pittsfield Twp.","30","September","2017","1","0","0","0","0","0","0","0","0","0","1"
"Washtenaw County: Pittsfield Twp.","31","January","2016","0","0","0","1","0","0","0","0","0","0","1"
"Washtenaw County: Pittsfield Twp.","31","May","2017","1","0","0","0","0","0","0","0","0","0","1"
"Washtenaw County: Pittsfield Twp.","31","October","2017","0","1","0","0","0","0","0","0","0","0","1"
"Washtenaw County: Scio Twp.","1","February","2016","0","1","0","0","0","0","0","0","0","0","1"
"Washtenaw County: Scio Twp.","1","March","2016","0","0","0","0","1","0","0","0","0","0","1"
"Washtenaw County: Scio Twp.","1","December","2017","1","0","0","0","0","0","0","0","0","0","1"
"Washtenaw County: Scio Twp.","2","April","2017","0","1","0","0","0","0","0","0","0","0","1"
"Washtenaw County: Scio Twp.","2","July","2016","1","0","0","0","0","0","0","0","0","0","1"
"Washtenaw County: Scio Twp.","2","October","2016","0","1","0","0","0","0","0","0","0","0","1"
"Washtenaw County: Scio Twp.","3","June","2016","1","0","0","0","0","0","0","0","0","0","1"
"Washtenaw County: Scio Twp.","4","January","2016","0","1","0","0","1","0","0","0","0","0","2"
"Washtenaw County: Scio Twp.","5","January","2016","0","1","0","0","0","0","0","0","0","0","1"
"Washtenaw County: Scio Twp.","5","September","2017","1","0","0","0","0","0","0","0","0","0","1"
"Washtenaw County: Scio Twp.","5","November","2016","1","0","0","0","0","0","0","0","0","0","1"
"Washtenaw County: Scio Twp.","6","May","2016","1","0","0","0","0","0","0","0","0","0","1"
"Washtenaw County: Scio Twp.","6","June","2016","1","0","0","0","0","0","0","0","0","0","1"
"Washtenaw County: Scio Twp.","6","September","2017","1","0","0","0","0","0","0","0","0","0","1"
"Washtenaw County: Scio Twp.","6","October","2017","1","0","0","0","0","0","0","0","0","0","1"
"Washtenaw County: Scio Twp.","6","November","2016","1","0","0","0","0","0","0","0","0","0","1"
"Washtenaw County: Scio Twp.","7","January","2017","0","0","0","0","0","0","0","1","0","0","1"
"Washtenaw County: Scio Twp.","7","September","2017","0","0","0","1","0","0","0","0","0","0","1"
"Washtenaw County: Scio Twp.","7","October","2016","0","1","0","0","0","0","0","0","0","0","1"
"Washtenaw County: Scio Twp.","8","June","2017","1","0","0","0","0","0","0","0","0","0","1"
"Washtenaw County: Scio Twp.","8","August","2016","1","0","0","0","0","0","0","0","0","0","1"
"Washtenaw County: Scio Twp.","8","September","2017","1","0","0","0","0","0","0","0","0","0","1"
"Washtenaw County: Scio Twp.","8","November","2016","0","0","0","1","0","0","0","0","0","0","1"
"Washtenaw County: Scio Twp.","8","December","2017","0","1","0","0","0","0","0","0","0","0","1"
"Washtenaw County: Scio Twp.","9","February","2016","0","0","0","0","2","0","0","0","0","0","2"
"Washtenaw County: Scio Twp.","9","May","2017","1","0","0","0","0","0","0","0","0","0","1"
"Washtenaw County: Scio Twp.","9","August","2016","1","0","0","0","0","0","0","0","0","0","1"
"Washtenaw County: Scio Twp.","9","September","2017","1","0","0","0","0","0","0","0","0","0","1"
"Washtenaw County: Scio Twp.","9","December","2017","0","1","0","0","0","0","0","0","0","0","1"
"Washtenaw County: Scio Twp.","10","November","2016","1","0","0","0","0","0","0","0","0","0","1"
"Washtenaw County: Scio Twp.","11","March","2016","1","0","0","0","0","0","0","0","0","0","1"
"Washtenaw County: Scio Twp.","11","April","2016","2","0","0","0","0","0","0","0","0","0","2"
"Washtenaw County: Scio Twp.","11","May","2016","1","0","0","0","0","0","0","0","0","0","1"
"Washtenaw County: Scio Twp.","11","December","2016","0","0","0","0","1","0","0","0","0","0","1"
"Washtenaw County: Scio Twp.","11","December","2017","0","0","0","0","2","0","0","0","0","0","2"
"Washtenaw County: Scio Twp.","12","February","2016","0","0","0","0","1","0","0","0","0","0","1"
"Washtenaw County: Scio Twp.","12","July","2017","0","1","0","0","0","0","0","0","0","0","1"
"Washtenaw County: Scio Twp.","12","September","2017","0","1","0","0","0","0","0","0","0","0","1"
"Washtenaw County: Scio Twp.","12","October","2016","0","1","0","0","0","0","0","0","0","0","1"
"Washtenaw County: Scio Twp.","12","October","2017","0","1","0","1","0","0","0","0","0","0","2"
"Washtenaw County: Scio Twp.","13","February","2017","1","0","0","0","0","0","0","0","0","0","1"
"Washtenaw County: Scio Twp.","13","June","2016","1","0","0","0","0","0","0","0","0","0","1"
"Washtenaw County: Scio Twp.","13","November","2016","1","0","0","0","0","0","0","0","0","0","1"
"Washtenaw County: Scio Twp.","13","November","2017","1","0","0","0","0","0","0","0","0","0","1"
"Washtenaw County: Scio Twp.","14","January","2016","1","0","0","0","0","0","0","0","0","0","1"
"Washtenaw County: Scio Twp.","14","May","2016","0","0","0","1","0","0","0","0","0","0","1"
"Washtenaw County: Scio Twp.","14","July","2016","1","0","0","0","0","0","0","0","0","0","1"
"Washtenaw County: Scio Twp.","15","November","2016","0","1","0","0","0","0","0","0","0","0","1"
"Washtenaw County: Scio Twp.","16","March","2017","2","0","0","0","0","0","0","0","0","0","2"
"Washtenaw County: Scio Twp.","16","November","2017","1","0","0","0","0","0","0","0","0","0","1"
"Washtenaw County: Scio Twp.","17","February","2016","1","1","0","0","0","0","0","0","0","0","2"
"Washtenaw County: Scio Twp.","17","June","2016","2","0","0","0","0","0","0","0","0","0","2"
"Washtenaw County: Scio Twp.","17","November","2016","0","0","1","0","0","0","0","0","0","0","1"
"Washtenaw County: Scio Twp.","17","December","2016","0","0","0","1","0","0","0","0","0","0","1"
"Washtenaw County: Scio Twp.","17","December","2017","1","0","0","0","0","0","0","0","0","0","1"
"Washtenaw County: Scio Twp.","18","June","2016","1","0","0","0","0","0","0","0","0","0","1"
"Washtenaw County: Scio Twp.","18","December","2017","0","0","0","1","0","0","0","0","0","0","1"
"Washtenaw County: Scio Twp.","19","October","2017","1","0","0","0","0","0","0","0","0","0","1"
"Washtenaw County: Scio Twp.","20","April","2016","1","0","0","0","0","0","0","0","0","0","1"
"Washtenaw County: Scio Twp.","21","April","2016","0","0","0","1","0","0","0","0","0","0","1"
"Washtenaw County: Scio Twp.","21","October","2016","0","1","0","0","0","0","0","0","0","0","1"
"Washtenaw County: Scio Twp.","21","November","2016","2","0","0","0","0","0","0","0","0","0","2"
"Washtenaw County: Scio Twp.","21","November","2017","0","1","0","0","0","0","0","0","0","0","1"
"Washtenaw County: Scio Twp.","22","March","2017","1","0","0","0","0","0","0","0","0","0","1"
"Washtenaw County: Scio Twp.","22","April","2016","1","0","0","0","0","0","0","0","0","0","1"
"Washtenaw County: Scio Twp.","23","March","2016","0","1","0","0","0","0","0","0","0","0","1"
"Washtenaw County: Scio Twp.","23","August","2017","1","0","0","0","0","0","0","0","0","0","1"
"Washtenaw County: Scio Twp.","24","January","2017","0","1","0","0","0","0","0","0","0","0","1"
"Washtenaw County: Scio Twp.","24","February","2017","0","1","0","0","0","0","0","0","0","0","1"
"Washtenaw County: Scio Twp.","25","January","2016","0","1","0","0","0","0","0","0","0","0","1"
"Washtenaw County: Scio Twp.","25","January","2017","1","0","0","0","0","0","0","0","0","0","1"
"Washtenaw County: Scio Twp.","25","April","2016","0","1","0","0","0","0","0","0","0","0","1"
"Washtenaw County: Scio Twp.","25","October","2016","1","0","0","0","0","0","0","0","0","0","1"
"Washtenaw County: Scio Twp.","26","February","2016","1","0","0","0","0","0","0","0","0","0","1"
"Washtenaw County: Scio Twp.","26","July","2017","1","0","0","0","0","0","0","0","0","0","1"
"Washtenaw County: Scio Twp.","27","May","2017","1","0","0","0","0","0","0","0","0","0","1"
"Washtenaw County: Scio Twp.","27","September","2016","1","0","0","0","0","0","0","0","0","0","1"
"Washtenaw County: Scio Twp.","28","June","2017","0","0","0","0","0","0","0","0","0","1","1"
"Washtenaw County: Scio Twp.","29","January","2017","0","0","0","0","1","0","0","0","0","0","1"
"Washtenaw County: Scio Twp.","29","March","2017","1","0","0","0","0","0","0","0","0","0","1"
"Washtenaw County: Scio Twp.","29","June","2016","1","0","0","0","0","0","0","0","0","0","1"
"Washtenaw County: Scio Twp.","30","October","2017","0","1","0","0","0","0","0","0","0","0","1"
"Washtenaw County: Scio Twp.","31","January","2017","1","1","0","0","0","0","0","0","0","0","2"
"Washtenaw County: Scio Twp.","31","December","2017","1","0","0","0","0","0","0","0","0","0","1"
"Washtenaw County: Barton Hills","8","June","2016","1","0","0","0","0","0","0","0","0","0","1"
"Washtenaw County: Barton Hills","16","October","2017","1","0","0","0","0","0","0","0","0","0","1"
"Washtenaw County: Barton Hills","16","November","2016","1","0","0","0","0","0","0","0","0","0","1"
"Washtenaw County: Barton Hills","24","March","2016","0","0","0","1","0","0","0","0","0","0","1"
"Washtenaw County: Barton Hills","26","February","2016","0","1","0","0","0","0","0","0","0","0","1"
"Washtenaw County: Ann Arbor","1","January","2016","0","1","0","0","1","0","0","0","0","0","2"
"Washtenaw County: Ann Arbor","1","January","2017","5","0","0","0","0","0","0","0","0","0","5"
"Washtenaw County: Ann Arbor","1","February","2016","3","1","0","0","0","0","0","0","0","0","4"
"Washtenaw County: Ann Arbor","1","February","2017","6","3","0","0","3","0","0","0","0","0","12"
"Washtenaw County: Ann Arbor","1","March","2016","0","3","0","0","20","0","0","0","0","0","23"
"Washtenaw County: Ann Arbor","1","March","2017","1","4","0","3","0","0","0","2","0","1","11"
"Washtenaw County: Ann Arbor","1","April","2016","4","8","0","1","0","0","0","0","0","1","14"
"Washtenaw County: Ann Arbor","1","April","2017","11","0","0","0","0","0","0","0","0","0","11"
"Washtenaw County: Ann Arbor","1","May","2016","4","0","0","2","0","0","0","0","0","1","7"
"Washtenaw County: Ann Arbor","1","May","2017","1","2","0","1","0","0","0","0","0","1","5"
"Washtenaw County: Ann Arbor","1","June","2016","6","2","0","3","0","0","0","0","0","0","11"
"Washtenaw County: Ann Arbor","1","June","2017","5","0","0","0","0","0","0","0","0","0","5"
"Washtenaw County: Ann Arbor","1","July","2016","5","0","0","1","0","0","0","0","0","1","7"
"Washtenaw County: Ann Arbor","1","July","2017","2","0","0","0","0","0","0","0","0","1","3"
"Washtenaw County: Ann Arbor","1","August","2016","11","0","0","0","0","0","0","0","0","0","11"
"Washtenaw County: Ann Arbor","1","August","2017","10","0","0","0","0","0","0","0","0","3","13"
"Washtenaw County: Ann Arbor","1","September","2016","7","4","0","0","0","0","0","0","0","1","12"
"Washtenaw County: Ann Arbor","1","September","2017","10","0","0","0","0","0","0","0","0","0","10"
"Washtenaw County: Ann Arbor","1","October","2016","3","5","0","9","0","0","0","0","0","0","17"
"Washtenaw County: Ann Arbor","1","October","2017","4","0","0","0","0","0","0","0","0","0","4"
"Washtenaw County: Ann Arbor","1","November","2016","6","1","0","0","0","0","0","0","0","0","7"
"Washtenaw County: Ann Arbor","1","November","2017","2","4","0","0","0","0","0","0","0","0","6"
"Washtenaw County: Ann Arbor","1","December","2016","4","4","0","2","0","0","0","0","0","2","12"
"Washtenaw County: Ann Arbor","1","December","2017","8","1","0","0","0","0","0","0","0","0","9"
"Washtenaw County: Ann Arbor","2","January","2016","2","1","0","0","0","0","0","0","0","0","3"
"Washtenaw County: Ann Arbor","2","January","2017","0","2","0","0","0","0","0","0","0","0","2"
"Washtenaw County: Ann Arbor","2","February","2016","3","2","0","2","0","0","0","0","0","0","7"
"Washtenaw County: Ann Arbor","2","February","2017","9","0","0","0","0","0","0","0","0","0","9"
"Washtenaw County: Ann Arbor","2","March","2016","10","6","0","0","4","0","0","0","0","0","20"
"Washtenaw County: Ann Arbor","2","March","2017","1","3","0","0","0","0","0","0","0","0","4"
"Washtenaw County: Ann Arbor","2","April","2016","0","1","0","0","6","0","0","0","0","0","7"
"Washtenaw County: Ann Arbor","2","April","2017","2","0","0","0","0","0","0","0","0","0","2"
"Washtenaw County: Ann Arbor","2","May","2016","1","4","0","2","0","0","0","0","0","0","7"
"Washtenaw County: Ann Arbor","2","May","2017","3","10","0","1","0","0","0","0","0","1","15"
"Washtenaw County: Ann Arbor","2","June","2016","8","0","0","0","0","0","0","0","0","0","8"
"Washtenaw County: Ann Arbor","2","June","2017","8","0","0","0","0","0","0","0","1","0","9"
"Washtenaw County: Ann Arbor","2","July","2016","1","1","0","0","0","0","0","0","0","0","2"
"Washtenaw County: Ann Arbor","2","July","2017","2","1","0","0","0","0","0","0","0","1","4"
"Washtenaw County: Ann Arbor","2","August","2016","10","0","0","0","0","0","0","0","0","0","10"
"Washtenaw County: Ann Arbor","2","August","2017","6","2","0","1","0","0","0","0","0","0","9"
"Washtenaw County: Ann Arbor","2","September","2016","16","1","0","0","0","0","0","0","0","0","17"
"Washtenaw County: Ann Arbor","2","September","2017","3","1","0","0","0","0","0","0","0","0","4"
"Washtenaw County: Ann Arbor","2","October","2016","2","1","1","0","0","0","0","0","0","0","4"
"Washtenaw County: Ann Arbor","2","October","2017","11","1","0","0","0","0","0","0","0","0","12"
"Washtenaw County: Ann Arbor","2","November","2016","3","4","0","0","0","0","0","0","0","0","7"
"Washtenaw County: Ann Arbor","2","November","2017","3","3","0","15","0","0","0","0","0","1","22"
"Washtenaw County: Ann Arbor","2","December","2016","6","1","0","1","0","0","0","0","0","0","8"
"Washtenaw County: Ann Arbor","2","December","2017","8","0","0","0","0","0","0","0","0","1","9"
"Washtenaw County: Ann Arbor","3","January","2016","2","1","0","0","0","0","0","0","0","0","3"
"Washtenaw County: Ann Arbor","3","January","2017","0","3","0","2","0","0","0","0","0","0","5"
"Washtenaw County: Ann Arbor","3","February","2016","2","1","0","0","0","0","0","0","0","0","3"
"Washtenaw County: Ann Arbor","3","February","2017","8","0","0","0","0","0","0","0","0","2","10"
"Washtenaw County: Ann Arbor","3","March","2016","0","0","0","0","16","0","0","0","0","1","17"
"Washtenaw County: Ann Arbor","3","March","2017","2","1","0","0","0","0","0","0","0","0","3"
"Washtenaw County: Ann Arbor","3","April","2016","6","1","0","0","0","0","0","0","0","0","7"
"Washtenaw County: Ann Arbor","3","April","2017","0","0","0","2","0","0","0","0","0","0","2"
"Washtenaw County: Ann Arbor","3","May","2016","11","1","0","0","0","0","0","0","0","0","12"
"Washtenaw County: Ann Arbor","3","May","2017","4","1","0","0","0","0","0","0","0","0","5"
"Washtenaw County: Ann Arbor","3","June","2016","9","0","0","0","0","0","0","0","0","0","9"
"Washtenaw County: Ann Arbor","3","June","2017","4","0","0","0","0","0","0","0","0","0","4"
"Washtenaw County: Ann Arbor","3","July","2016","2","0","0","0","0","0","0","0","0","0","2"
"Washtenaw County: Ann Arbor","3","July","2017","5","0","0","0","0","0","0","0","0","0","5"
"Washtenaw County: Ann Arbor","3","August","2016","8","1","0","0","0","0","0","0","0","0","9"
"Washtenaw County: Ann Arbor","3","August","2017","4","1","0","0","0","0","0","0","0","0","5"
"Washtenaw County: Ann Arbor","3","September","2016","8","0","0","0","0","0","0","0","0","0","8"
"Washtenaw County: Ann Arbor","3","September","2017","2","3","0","0","0","0","0","0","0","0","5"
"Washtenaw County: Ann Arbor","3","October","2016","7","1","0","0","0","0","0","0","0","0","8"
"Washtenaw County: Ann Arbor","3","October","2017","10","0","0","0","0","0","0","0","0","0","10"
"Washtenaw County: Ann Arbor","3","November","2016","6","6","0","2","0","0","0","0","0","1","15"
"Washtenaw County: Ann Arbor","3","November","2017","9","2","0","0","0","0","0","0","0","0","11"
"Washtenaw County: Ann Arbor","3","December","2016","3","2","0","0","0","0","0","0","0","0","5"
"Washtenaw County: Ann Arbor","3","December","2017","6","0","0","0","0","0","0","0","0","0","6"
"Washtenaw County: Ann Arbor","4","January","2016","1","4","0","0","5","0","0","0","0","0","10"
"Washtenaw County: Ann Arbor","4","January","2017","3","1","0","0","2","0","0","0","0","0","6"
"Washtenaw County: Ann Arbor","4","February","2016","2","3","0","0","4","0","0","0","0","0","9"
"Washtenaw County: Ann Arbor","4","February","2017","1","4","0","0","0","0","0","0","0","0","5"
"Washtenaw County: Ann Arbor","4","March","2016","8","1","0","0","2","0","0","0","0","0","11"
"Washtenaw County: Ann Arbor","4","March","2017","8","0","0","0","0","0","0","0","0","0","8"
"Washtenaw County: Ann Arbor","4","April","2016","2","2","0","0","0","0","0","0","0","1","5"
"Washtenaw County: Ann Arbor","4","April","2017","1","3","0","0","0","0","0","0","0","0","4"
"Washtenaw County: Ann Arbor","4","May","2016","5","7","0","2","0","0","0","0","0","0","14"
"Washtenaw County: Ann Arbor","4","May","2017","0","2","0","9","0","0","0","0","0","0","11"
"Washtenaw County: Ann Arbor","4","June","2016","0","1","0","0","0","0","0","0","0","0","1"
"Washtenaw County: Ann Arbor","4","June","2017","1","0","0","0","0","0","0","0","0","0","1"
"Washtenaw County: Ann Arbor","4","July","2016","1","1","0","0","0","0","0","0","0","1","3"
"Washtenaw County: Ann Arbor","4","July","2017","3","0","0","0","0","0","0","0","0","0","3"
"Washtenaw County: Ann Arbor","4","August","2016","8","0","0","0","0","0","0","0","0","0","8"
"Washtenaw County: Ann Arbor","4","August","2017","2","4","0","0","0","0","0","0","0","0","6"
"Washtenaw County: Ann Arbor","4","September","2016","2","0","0","0","0","0","0","0","0","1","3"
"Washtenaw County: Ann Arbor","4","September","2017","1","3","0","0","0","0","0","0","0","0","4"
"Washtenaw County: Ann Arbor","4","October","2016","6","1","3","0","0","0","0","0","0","0","10"
"Washtenaw County: Ann Arbor","4","October","2017","3","6","0","0","0","0","0","0","0","0","9"
"Washtenaw County: Ann Arbor","4","November","2016","17","0","0","0","0","0","0","0","0","0","17"
"Washtenaw County: Ann Arbor","4","November","2017","4","4","0","4","0","0","0","0","0","0","12"
"Washtenaw County: Ann Arbor","4","December","2016","1","3","0","0","2","0","0","1","0","0","7"
"Washtenaw County: Ann Arbor","4","December","2017","3","5","0","0","0","0","0","0","0","0","8"
"Washtenaw County: Ann Arbor","5","January","2016","9","0","0","0","0","0","0","0","0","0","9"
"Washtenaw County: Ann Arbor","5","January","2017","4","1","0","0","3","0","0","0","0","0","8"
"Washtenaw County: Ann Arbor","5","February","2016","7","1","0","0","2","0","0","0","0","0","10"
"Washtenaw County: Ann Arbor","5","February","2017","3","1","0","0","0","0","0","0","0","0","4"
"Washtenaw County: Ann Arbor","5","March","2016","0","3","0","0","4","0","0","0","0","0","7"
"Washtenaw County: Ann Arbor","5","March","2017","5","0","0","0","0","0","0","0","0","0","5"
"Washtenaw County: Ann Arbor","5","April","2016","8","2","0","0","0","0","0","0","0","0","10"
"Washtenaw County: Ann Arbor","5","April","2017","0","3","0","5","0","0","0","0","0","0","8"
"Washtenaw County: Ann Arbor","5","May","2016","12","1","0","0","0","0","0","0","0","0","13"
"Washtenaw County: Ann Arbor","5","May","2017","1","3","0","5","0","0","0","0","0","0","9"
"Washtenaw County: Ann Arbor","5","June","2016","0","2","0","0","0","0","0","0","0","1","3"
"Washtenaw County: Ann Arbor","5","June","2017","0","1","0","0","0","0","0","0","0","0","1"
"Washtenaw County: Ann Arbor","5","July","2016","2","0","0","0","0","0","0","0","0","0","2"
"Washtenaw County: Ann Arbor","5","July","2017","7","0","0","0","0","0","0","0","0","0","7"
"Washtenaw County: Ann Arbor","5","August","2016","13","0","0","0","0","0","0","0","0","0","13"
"Washtenaw County: Ann Arbor","5","August","2017","6","1","0","0","0","0","0","0","0","0","7"
"Washtenaw County: Ann Arbor","5","September","2016","3","0","0","0","0","0","0","0","0","0","3"
"Washtenaw County: Ann Arbor","5","September","2017","2","2","1","0","0","0","0","0","0","0","5"
"Washtenaw County: Ann Arbor","5","October","2016","11","1","0","0","0","0","0","0","0","0","12"
"Washtenaw County: Ann Arbor","5","October","2017","11","1","0","0","0","0","0","0","0","0","12"
"Washtenaw County: Ann Arbor","5","November","2016","9","0","0","0","0","0","0","0","0","1","10"
"Washtenaw County: Ann Arbor","5","November","2017","1","2","0","4","0","0","0","0","0","0","7"
"Washtenaw County: Ann Arbor","5","December","2016","3","0","0","0","0","0","0","0","0","0","3"
"Washtenaw County: Ann Arbor","5","December","2017","3","1","0","2","0","0","0","0","0","0","6"
"Washtenaw County: Ann Arbor","6","January","2016","9","1","0","0","0","0","0","0","0","0","10"
"Washtenaw County: Ann Arbor","6","January","2017","4","9","0","0","5","0","0","0","0","0","18"
"Washtenaw County: Ann Arbor","6","February","2016","8","0","0","0","0","0","0","0","0","0","8"
"Washtenaw County: Ann Arbor","6","February","2017","7","0","0","0","0","0","0","0","0","0","7"
"Washtenaw County: Ann Arbor","6","March","2016","2","3","0","0","0","0","0","0","0","0","5"
"Washtenaw County: Ann Arbor","6","March","2017","2","4","0","2","0","0","0","0","0","0","8"
"Washtenaw County: Ann Arbor","6","April","2016","0","5","0","6","0","0","0","0","0","0","11"
"Washtenaw County: Ann Arbor","6","April","2017","0","0","0","2","2","0","1","0","0","0","5"
"Washtenaw County: Ann Arbor","6","May","2016","8","0","0","0","0","0","0","0","0","0","8"
"Washtenaw County: Ann Arbor","6","May","2017","2","0","0","0","0","0","0","0","0","0","2"
"Washtenaw County: Ann Arbor","6","June","2016","9","0","0","0","0","0","0","0","0","0","9"
"Washtenaw County: Ann Arbor","6","June","2017","7","2","0","0","0","0","0","0","0","0","9"
"Washtenaw County: Ann Arbor","6","July","2016","5","1","0","0","0","0","0","0","0","0","6"
"Washtenaw County: Ann Arbor","6","July","2017","5","1","0","0","0","0","0","0","0","0","6"
"Washtenaw County: Ann Arbor","6","August","2016","5","1","0","0","0","0","0","0","0","0","6"
"Washtenaw County: Ann Arbor","6","August","2017","0","3","0","0","0","0","0","0","0","0","3"
"Washtenaw County: Ann Arbor","6","September","2016","7","0","0","0","0","0","0","0","0","0","7"
"Washtenaw County: Ann Arbor","6","September","2017","5","5","0","0","0","0","0","0","0","0","10"
"Washtenaw County: Ann Arbor","6","October","2016","10","0","0","0","0","0","0","0","0","1","11"
"Washtenaw County: Ann Arbor","6","October","2017","2","8","1","4","0","0","0","0","0","0","15"
"Washtenaw County: Ann Arbor","6","November","2016","1","0","0","0","0","0","0","0","0","0","1"
"Washtenaw County: Ann Arbor","6","November","2017","1","1","0","0","0","0","0","0","0","1","3"
"Washtenaw County: Ann Arbor","6","December","2016","0","6","0","5","0","0","0","0","0","0","11"
"Washtenaw County: Ann Arbor","6","December","2017","8","2","0","0","0","0","0","0","0","1","11"
"Washtenaw County: Ann Arbor","7","January","2016","4","2","0","0","0","0","0","0","0","0","6"
"Washtenaw County: Ann Arbor","7","January","2017","3","1","0","0","5","0","0","1","0","0","10"
"Washtenaw County: Ann Arbor","7","February","2016","2","1","0","0","0","0","0","0","0","0","3"
"Washtenaw County: Ann Arbor","7","February","2017","1","0","0","7","0","0","0","0","0","1","9"
"Washtenaw County: Ann Arbor","7","March","2016","6","3","0","0","0","0","0","0","0","0","9"
"Washtenaw County: Ann Arbor","7","March","2017","2","3","0","0","0","0","0","0","0","0","5"
"Washtenaw County: Ann Arbor","7","April","2016","0","2","0","4","5","0","0","0","0","0","11"
"Washtenaw County: Ann Arbor","7","April","2017","6","0","0","1","0","0","0","0","0","0","7"
"Washtenaw County: Ann Arbor","7","May","2016","2","3","0","0","0","0","0","0","0","0","5"
"Washtenaw County: Ann Arbor","7","May","2017","7","0","0","0","0","0","0","0","0","1","8"
"Washtenaw County: Ann Arbor","7","June","2016","12","2","0","0","0","0","0","0","0","0","14"
"Washtenaw County: Ann Arbor","7","June","2017","7","0","1","0","0","0","0","0","0","0","8"
"Washtenaw County: Ann Arbor","7","July","2016","4","1","0","1","0","0","0","0","0","1","7"
"Washtenaw County: Ann Arbor","7","July","2017","6","2","0","1","0","0","0","0","0","1","10"
"Washtenaw County: Ann Arbor","7","August","2016","4","0","0","0","0","0","0","0","0","0","4"
"Washtenaw County: Ann Arbor","7","August","2017","4","0","0","0","0","0","0","0","0","0","4"
"Washtenaw County: Ann Arbor","7","September","2016","5","3","0","0","0","0","0","0","0","0","8"
"Washtenaw County: Ann Arbor","7","September","2017","6","0","0","4","0","0","0","0","0","2","12"
"Washtenaw County: Ann Arbor","7","October","2016","7","1","0","0","0","0","0","0","0","0","8"
"Washtenaw County: Ann Arbor","7","October","2017","12","5","0","0","0","0","0","0","0","0","17"
"Washtenaw County: Ann Arbor","7","November","2016","8","0","0","0","0","0","0","0","0","0","8"
"Washtenaw County: Ann Arbor","7","November","2017","5","0","0","0","0","0","0","0","0","0","5"
"Washtenaw County: Ann Arbor","7","December","2016","14","2","0","0","0","0","0","0","0","0","16"
"Washtenaw County: Ann Arbor","7","December","2017","1","4","0","0","3","0","0","0","0","0","8"
"Washtenaw County: Ann Arbor","8","January","2016","0","3","1","16","0","0","0","0","0","0","20"
"Washtenaw County: Ann Arbor","8","January","2017","0","3","0","0","0","0","0","0","0","0","3"
"Washtenaw County: Ann Arbor","8","February","2016","2","3","0","0","0","0","0","0","0","0","5"
"Washtenaw County: Ann Arbor","8","February","2017","2","2","0","0","1","0","0","0","0","0","5"
"Washtenaw County: Ann Arbor","8","March","2016","10","1","0","0","0","0","0","0","0","0","11"
"Washtenaw County: Ann Arbor","8","March","2017","6","1","0","0","0","3","0","0","0","0","10"
"Washtenaw County: Ann Arbor","8","April","2016","2","3","0","2","4","0","0","0","0","0","11"
"Washtenaw County: Ann Arbor","8","April","2017","9","0","0","0","0","0","0","0","0","0","9"
"Washtenaw County: Ann Arbor","8","May","2016","3","0","0","0","0","0","0","0","0","0","3"
"Washtenaw County: Ann Arbor","8","May","2017","9","0","0","0","0","0","0","0","0","1","10"
"Washtenaw County: Ann Arbor","8","June","2016","9","1","0","0","0","0","0","0","0","0","10"
"Washtenaw County: Ann Arbor","8","June","2017","4","0","0","0","0","0","0","0","0","0","4"
"Washtenaw County: Ann Arbor","8","July","2016","9","0","0","2","0","0","0","0","0","0","11"
"Washtenaw County: Ann Arbor","8","July","2017","2","0","0","0","0","0","0","0","0","1","3"
"Washtenaw County: Ann Arbor","8","August","2016","9","0","0","0","0","0","0","0","0","0","9"
"Washtenaw County: Ann Arbor","8","August","2017","5","0","0","0","0","0","0","0","0","1","6"
"Washtenaw County: Ann Arbor","8","September","2016","7","1","0","0","0","0","0","0","0","0","8"
"Washtenaw County: Ann Arbor","8","September","2017","11","1","0","0","0","0","0","0","0","0","12"
"Washtenaw County: Ann Arbor","8","October","2016","4","0","0","0","0","0","0","0","0","0","4"
"Washtenaw County: Ann Arbor","8","October","2017","2","1","0","2","0","0","0","0","0","1","6"
"Washtenaw County: Ann Arbor","8","November","2016","2","4","0","0","0","0","0","0","0","0","6"
"Washtenaw County: Ann Arbor","8","November","2017","7","0","0","0","0","0","0","0","0","0","7"
"Washtenaw County: Ann Arbor","8","December","2016","0","3","0","0","5","0","0","1","0","0","9"
"Washtenaw County: Ann Arbor","8","December","2017","13","0","0","0","0","0","0","0","0","0","13"
"Washtenaw County: Ann Arbor","9","January","2016","3","5","0","1","0","0","0","0","0","0","9"
"Washtenaw County: Ann Arbor","9","January","2017","4","2","0","0","0","0","0","0","0","0","6"
"Washtenaw County: Ann Arbor","9","February","2016","2","1","0","0","13","0","0","0","0","0","16"
"Washtenaw County: Ann Arbor","9","February","2017","2","3","0","0","1","0","0","0","0","2","8"
"Washtenaw County: Ann Arbor","9","March","2016","3","2","0","0","0","0","0","0","0","0","5"
"Washtenaw County: Ann Arbor","9","March","2017","2","1","0","0","0","0","0","0","0","1","4"
"Washtenaw County: Ann Arbor","9","April","2016","3","2","0","0","4","0","0","0","0","1","10"
"Washtenaw County: Ann Arbor","9","April","2017","3","1","0","0","0","0","0","0","0","0","4"
"Washtenaw County: Ann Arbor","9","May","2016","4","2","0","0","0","0","0","0","0","0","6"
"Washtenaw County: Ann Arbor","9","May","2017","10","0","0","0","0","0","0","0","0","0","10"
"Washtenaw County: Ann Arbor","9","June","2016","5","5","0","0","0","0","0","0","0","1","11"
"Washtenaw County: Ann Arbor","9","June","2017","2","0","0","2","0","0","0","0","0","0","4"
"Washtenaw County: Ann Arbor","9","July","2016","2","0","0","0","0","0","0","0","0","0","2"
"Washtenaw County: Ann Arbor","9","July","2017","1","0","0","0","0","0","0","0","0","0","1"
"Washtenaw County: Ann Arbor","9","August","2016","4","1","0","0","0","0","0","0","0","0","5"
"Washtenaw County: Ann Arbor","9","August","2017","10","0","0","0","0","0","0","0","0","0","10"
"Washtenaw County: Ann Arbor","9","September","2016","7","3","0","0","0","0","0","0","0","0","10"
"Washtenaw County: Ann Arbor","9","September","2017","5","1","0","0","0","0","0","0","0","0","6"
"Washtenaw County: Ann Arbor","9","October","2016","2","0","0","0","0","0","0","0","0","0","2"
"Washtenaw County: Ann Arbor","9","October","2017","3","0","0","0","0","0","0","0","0","0","3"
"Washtenaw County: Ann Arbor","9","November","2016","11","1","0","0","0","0","0","0","0","1","13"
"Washtenaw County: Ann Arbor","9","November","2017","5","3","0","0","1","0","0","0","0","0","9"
"Washtenaw County: Ann Arbor","9","December","2016","2","6","0","0","1","0","0","0","0","1","10"
"Washtenaw County: Ann Arbor","9","December","2017","1","2","0","0","13","1","0","1","0","1","19"
"Washtenaw County: Ann Arbor","10","January","2016","0","2","0","0","11","0","0","0","0","0","13"
"Washtenaw County: Ann Arbor","10","January","2017","0","1","0","6","9","0","1","0","0","0","17"
"Washtenaw County: Ann Arbor","10","February","2016","2","4","0","0","2","0","0","0","0","1","9"
"Washtenaw County: Ann Arbor","10","February","2017","9","1","0","0","0","0","0","0","0","0","10"
"Washtenaw County: Ann Arbor","10","March","2016","1","5","0","2","0","0","0","0","0","0","8"
"Washtenaw County: Ann Arbor","10","March","2017","9","0","0","0","0","0","0","0","0","0","9"
"Washtenaw County: Ann Arbor","10","April","2016","0","0","0","6","1","0","0","0","0","0","7"
"Washtenaw County: Ann Arbor","10","April","2017","7","2","0","3","0","0","0","0","0","0","12"
"Washtenaw County: Ann Arbor","10","May","2016","0","6","0","12","0","0","0","0","0","0","18"
"Washtenaw County: Ann Arbor","10","May","2017","8","0","0","0","0","0","0","0","0","0","8"
"Washtenaw County: Ann Arbor","10","June","2016","5","1","0","0","0","0","0","0","0","0","6"
"Washtenaw County: Ann Arbor","10","June","2017","4","0","0","0","0","0","0","0","0","0","4"
"Washtenaw County: Ann Arbor","10","July","2016","5","0","0","0","0","0","0","0","0","0","5"
"Washtenaw County: Ann Arbor","10","July","2017","1","0","0","1","0","0","0","0","0","1","3"
"Washtenaw County: Ann Arbor","10","August","2016","13","0","0","0","0","0","0","0","0","2","15"
"Washtenaw County: Ann Arbor","10","August","2017","9","0","0","0","0","0","0","0","0","0","9"
"Washtenaw County: Ann Arbor","10","September","2016","2","4","0","5","0","0","0","0","0","0","11"
"Washtenaw County: Ann Arbor","10","September","2017","5","0","0","0","0","0","0","0","0","0","5"
"Washtenaw County: Ann Arbor","10","October","2016","13","0","0","0","0","0","0","0","0","0","13"
"Washtenaw County: Ann Arbor","10","October","2017","6","1","0","0","0","0","0","0","0","0","7"
"Washtenaw County: Ann Arbor","10","November","2016","10","0","0","0","0","0","0","0","0","0","10"
"Washtenaw County: Ann Arbor","10","November","2017","16","2","0","0","0","0","0","0","0","2","20"
"Washtenaw County: Ann Arbor","10","December","2016","5","4","0","0","2","0","0","0","0","0","11"
"Washtenaw County: Ann Arbor","10","December","2017","2","2","0","0","2","0","0","0","0","0","6"
"Washtenaw County: Ann Arbor","11","January","2016","4","8","0","0","3","0","0","0","0","0","15"
"Washtenaw County: Ann Arbor","11","January","2017","1","4","0","1","0","0","0","0","0","1","7"
"Washtenaw County: Ann Arbor","11","February","2016","1","3","0","0","0","0","0","0","0","0","4"
"Washtenaw County: Ann Arbor","11","February","2017","1","4","0","1","0","0","0","0","0","0","6"
"Washtenaw County: Ann Arbor","11","March","2016","13","2","0","0","0","0","0","0","0","0","15"
"Washtenaw County: Ann Arbor","11","March","2017","2","0","0","0","0","0","0","0","0","0","2"
"Washtenaw County: Ann Arbor","11","April","2016","3","9","1","1","0","0","0","0","0","1","15"
"Washtenaw County: Ann Arbor","11","April","2017","5","4","0","0","0","0","0","0","0","0","9"
"Washtenaw County: Ann Arbor","11","May","2016","2","3","0","0","0","0","0","0","0","0","5"
"Washtenaw County: Ann Arbor","11","May","2017","5","4","0","0","0","0","0","0","0","1","10"
"Washtenaw County: Ann Arbor","11","June","2016","5","0","0","0","0","0","0","0","0","0","5"
"Washtenaw County: Ann Arbor","11","June","2017","4","0","0","0","0","0","0","0","0","0","4"
"Washtenaw County: Ann Arbor","11","July","2016","6","8","0","0","0","0","0","0","0","0","14"
"Washtenaw County: Ann Arbor","11","July","2017","7","8","1","0","0","0","0","0","0","0","16"
"Washtenaw County: Ann Arbor","11","August","2016","8","0","0","0","0","0","0","0","0","0","8"
"Washtenaw County: Ann Arbor","11","August","2017","7","1","0","0","0","0","0","0","0","0","8"
"Washtenaw County: Ann Arbor","11","September","2016","3","0","0","0","0","0","0","0","0","0","3"
"Washtenaw County: Ann Arbor","11","September","2017","12","0","0","0","0","0","0","0","0","1","13"
"Washtenaw County: Ann Arbor","11","October","2016","4","0","0","0","0","0","0","0","0","0","4"
"Washtenaw County: Ann Arbor","11","October","2017","0","3","0","4","0","0","0","0","0","0","7"
"Washtenaw County: Ann Arbor","11","November","2016","8","2","0","0","0","0","0","0","0","0","10"
"Washtenaw County: Ann Arbor","11","November","2017","1","1","0","0","0","0","0","0","0","0","2"
"Washtenaw County: Ann Arbor","11","December","2016","0","0","0","0","15","0","0","2","0","0","17"
"Washtenaw County: Ann Arbor","11","December","2017","1","1","0","0","36","0","0","1","0","0","39"
"Washtenaw County: Ann Arbor","12","January","2016","0","5","0","0","6","0","0","0","0","2","13"
"Washtenaw County: Ann Arbor","12","January","2017","6","5","0","2","0","0","0","0","0","1","14"
"Washtenaw County: Ann Arbor","12","February","2016","6","0","0","0","6","0","0","0","0","0","12"
"Washtenaw County: Ann Arbor","12","February","2017","0","0","0","1","0","0","0","0","0","0","1"
"Washtenaw County: Ann Arbor","12","March","2016","4","2","0","0","0","0","0","0","0","0","6"
"Washtenaw County: Ann Arbor","12","March","2017","4","0","0","0","0","0","0","0","0","0","4"
"Washtenaw County: Ann Arbor","12","April","2016","11","0","0","0","0","0","0","0","0","0","11"
"Washtenaw County: Ann Arbor","12","April","2017","3","1","0","0","0","0","0","0","0","0","4"
"Washtenaw County: Ann Arbor","12","May","2016","2","5","0","0","0","0","0","0","0","0","7"
"Washtenaw County: Ann Arbor","12","May","2017","7","1","0","0","0","0","0","0","0","1","9"
"Washtenaw County: Ann Arbor","12","June","2016","4","0","0","0","0","0","0","0","0","0","4"
"Washtenaw County: Ann Arbor","12","June","2017","11","0","0","0","0","0","0","0","0","0","11"
"Washtenaw County: Ann Arbor","12","July","2016","12","0","0","0","0","0","0","0","0","1","13"
"Washtenaw County: Ann Arbor","12","July","2017","2","5","0","0","0","0","0","0","0","0","7"
"Washtenaw County: Ann Arbor","12","August","2016","6","0","0","0","0","0","0","0","0","0","6"
"Washtenaw County: Ann Arbor","12","August","2017","2","1","0","0","0","0","0","0","0","0","3"
"Washtenaw County: Ann Arbor","12","September","2016","8","0","0","0","0","0","0","0","0","0","8"
"Washtenaw County: Ann Arbor","12","September","2017","10","0","0","0","0","0","0","0","0","2","12"
"Washtenaw County: Ann Arbor","12","October","2016","5","2","0","3","0","0","0","0","0","0","10"
"Washtenaw County: Ann Arbor","12","October","2017","0","6","0","4","0","0","0","0","0","0","10"
"Washtenaw County: Ann Arbor","12","November","2016","5","0","0","0","0","0","0","0","0","0","5"
"Washtenaw County: Ann Arbor","12","November","2017","1","0","0","13","0","0","2","0","0","1","17"
"Washtenaw County: Ann Arbor","12","December","2016","4","3","0","0","1","0","0","0","0","0","8"
"Washtenaw County: Ann Arbor","12","December","2017","6","3","0","0","2","0","0","0","0","0","11"
"Washtenaw County: Ann Arbor","13","January","2016","1","2","0","0","9","0","0","0","0","0","12"
"Washtenaw County: Ann Arbor","13","January","2017","6","0","0","0","0","0","0","0","0","0","6"
"Washtenaw County: Ann Arbor","13","February","2016","4","0","0","0","2","0","0","0","0","1","7"
"Washtenaw County: Ann Arbor","13","February","2017","4","0","0","0","0","0","0","0","0","0","4"
"Washtenaw County: Ann Arbor","13","March","2016","0","2","0","11","0","0","0","0","0","0","13"
"Washtenaw County: Ann Arbor","13","March","2017","0","1","0","0","30","0","0","1","0","1","33"
"Washtenaw County: Ann Arbor","13","April","2016","5","2","0","0","0","0","0","0","0","0","7"
"Washtenaw County: Ann Arbor","13","April","2017","2","6","0","0","0","0","0","0","0","1","9"
"Washtenaw County: Ann Arbor","13","May","2016","10","1","0","0","0","0","0","0","0","0","11"
"Washtenaw County: Ann Arbor","13","May","2017","4","1","0","0","0","0","0","0","0","0","5"
"Washtenaw County: Ann Arbor","13","June","2016","7","3","0","0","0","0","0","0","0","0","10"
"Washtenaw County: Ann Arbor","13","June","2017","9","0","0","0","0","0","0","0","0","1","10"
"Washtenaw County: Ann Arbor","13","July","2016","8","1","0","1","0","0","0","0","0","0","10"
"Washtenaw County: Ann Arbor","13","July","2017","6","6","0","0","0","0","0","0","0","1","13"
"Washtenaw County: Ann Arbor","13","August","2016","1","2","0","1","0","0","0","0","0","0","4"
"Washtenaw County: Ann Arbor","13","August","2017","0","1","0","0","0","0","0","0","0","0","1"
"Washtenaw County: Ann Arbor","13","September","2016","9","0","0","0","0","0","0","0","0","0","9"
"Washtenaw County: Ann Arbor","13","September","2017","4","5","0","0","0","0","0","0","0","0","9"
"Washtenaw County: Ann Arbor","13","October","2016","12","0","0","0","0","0","0","0","0","0","12"
"Washtenaw County: Ann Arbor","13","October","2017","8","1","0","0","0","0","0","0","0","0","9"
"Washtenaw County: Ann Arbor","13","November","2016","2","0","0","0","0","0","0","0","0","0","2"
"Washtenaw County: Ann Arbor","13","November","2017","2","5","0","0","0","0","0","0","0","0","7"
"Washtenaw County: Ann Arbor","13","December","2016","4","3","0","0","0","0","0","0","0","0","7"
"Washtenaw County: Ann Arbor","13","December","2017","1","0","0","0","13","0","0","0","0","1","15"
"Washtenaw County: Ann Arbor","14","January","2016","5","8","0","0","0","0","0","0","0","0","13"
"Washtenaw County: Ann Arbor","14","January","2017","2","1","0","0","0","0","0","0","0","1","4"
"Washtenaw County: Ann Arbor","14","February","2016","4","1","0","0","0","0","0","0","0","0","5"
"Washtenaw County: Ann Arbor","14","February","2017","7","0","0","1","1","0","0","0","0","0","9"
"Washtenaw County: Ann Arbor","14","March","2016","5","5","0","0","0","0","0","0","0","0","10"
"Washtenaw County: Ann Arbor","14","March","2017","8","3","0","0","0","0","0","0","0","0","11"
"Washtenaw County: Ann Arbor","14","April","2016","10","0","0","0","0","0","0","0","0","0","10"
"Washtenaw County: Ann Arbor","14","April","2017","14","1","0","0","0","0","0","0","0","0","15"
"Washtenaw County: Ann Arbor","14","May","2016","1","3","0","0","0","0","0","0","0","0","4"
"Washtenaw County: Ann Arbor","14","May","2017","2","1","0","0","0","0","0","0","0","0","3"
"Washtenaw County: Ann Arbor","14","June","2016","4","3","0","0","0","0","0","0","0","0","7"
"Washtenaw County: Ann Arbor","14","June","2017","6","2","0","0","0","0","0","0","0","1","9"
"Washtenaw County: Ann Arbor","14","July","2016","16","0","0","0","0","0","0","0","0","0","16"
"Washtenaw County: Ann Arbor","14","July","2017","6","1","0","0","0","0","0","0","0","0","7"
"Washtenaw County: Ann Arbor","14","August","2016","1","5","0","1","0","0","0","0","0","0","7"
"Washtenaw County: Ann Arbor","14","August","2017","4","1","0","0","0","0","0","0","0","0","5"
"Washtenaw County: Ann Arbor","14","September","2016","11","1","0","0","0","0","0","0","0","0","12"
"Washtenaw County: Ann Arbor","14","September","2017","14","3","0","0","0","0","0","0","0","0","17"
"Washtenaw County: Ann Arbor","14","October","2016","15","0","0","0","0","0","0","0","0","0","15"
"Washtenaw County: Ann Arbor","14","October","2017","2","1","0","0","0","0","0","0","0","0","3"
"Washtenaw County: Ann Arbor","14","November","2016","8","0","0","0","0","0","0","0","0","0","8"
"Washtenaw County: Ann Arbor","14","November","2017","6","3","0","0","0","0","0","0","0","0","9"
"Washtenaw County: Ann Arbor","14","December","2016","4","6","0","0","5","0","0","0","0","0","15"
"Washtenaw County: Ann Arbor","14","December","2017","6","2","0","0","0","0","0","0","0","0","8"
"Washtenaw County: Ann Arbor","15","January","2016","1","2","0","8","0","0","1","0","0","0","12"
"Washtenaw County: Ann Arbor","15","January","2017","3","1","0","0","0","0","0","0","0","0","4"
"Washtenaw County: Ann Arbor","15","February","2016","7","4","0","0","6","0","1","0","0","1","19"
"Washtenaw County: Ann Arbor","15","February","2017","0","5","0","0","1","0","0","0","0","0","6"
"Washtenaw County: Ann Arbor","15","March","2016","1","3","0","0","0","0","0","0","0","1","5"
"Washtenaw County: Ann Arbor","15","March","2017","4","1","0","0","0","0","0","0","0","0","5"
"Washtenaw County: Ann Arbor","15","April","2016","16","0","0","0","0","0","0","0","0","1","17"
"Washtenaw County: Ann Arbor","15","April","2017","5","0","0","0","0","0","0","0","0","0","5"
"Washtenaw County: Ann Arbor","15","May","2016","2","0","0","0","0","0","0","0","0","0","2"
"Washtenaw County: Ann Arbor","15","May","2017","11","0","0","0","0","0","0","0","0","0","11"
"Washtenaw County: Ann Arbor","15","June","2016","7","1","0","0","0","0","0","0","0","0","8"
"Washtenaw County: Ann Arbor","15","June","2017","11","1","0","0","0","0","0","0","0","0","12"
"Washtenaw County: Ann Arbor","15","July","2016","8","0","0","0","0","0","0","0","0","0","8"
"Washtenaw County: Ann Arbor","15","July","2017","5","0","0","0","0","0","0","0","0","0","5"
"Washtenaw County: Ann Arbor","15","August","2016","1","3","0","0","0","0","0","0","0","0","4"
"Washtenaw County: Ann Arbor","15","August","2017","7","0","0","3","0","0","0","0","0","0","10"
"Washtenaw County: Ann Arbor","15","September","2016","6","0","0","0","0","0","0","0","0","0","6"
"Washtenaw County: Ann Arbor","15","September","2017","11","1","0","0","0","0","0","0","0","1","13"
"Washtenaw County: Ann Arbor","15","October","2016","2","0","0","0","0","0","0","0","0","0","2"
"Washtenaw County: Ann Arbor","15","October","2017","0","3","0","3","0","0","0","0","0","1","7"
"Washtenaw County: Ann Arbor","15","November","2016","2","2","0","0","0","0","0","0","0","0","4"
"Washtenaw County: Ann Arbor","15","November","2017","1","3","0","9","0","0","0","0","0","3","16"
"Washtenaw County: Ann Arbor","15","December","2016","9","2","0","0","3","0","0","0","0","1","15"
"Washtenaw County: Ann Arbor","15","December","2017","2","4","0","0","7","0","0","0","0","0","13"
"Washtenaw County: Ann Arbor","16","January","2016","4","2","0","0","0","0","0","0","0","0","6"
"Washtenaw County: Ann Arbor","16","January","2017","3","2","0","5","0","0","3","0","0","0","13"
"Washtenaw County: Ann Arbor","16","February","2016","5","8","0","0","0","0","0","0","0","0","13"
"Washtenaw County: Ann Arbor","16","February","2017","4","3","0","0","1","0","0","0","1","0","9"
"Washtenaw County: Ann Arbor","16","March","2016","1","2","0","0","0","0","0","0","0","0","3"
"Washtenaw County: Ann Arbor","16","March","2017","7","0","0","0","0","0","0","0","0","0","7"
"Washtenaw County: Ann Arbor","16","April","2016","5","0","0","0","0","0","0","0","0","0","5"
"Washtenaw County: Ann Arbor","16","April","2017","2","1","0","0","0","0","0","0","0","0","3"
"Washtenaw County: Ann Arbor","16","May","2016","5","1","0","0","0","0","0","0","0","0","6"
"Washtenaw County: Ann Arbor","16","May","2017","6","0","0","0","0","0","0","0","0","0","6"
"Washtenaw County: Ann Arbor","16","June","2016","0","3","0","3","0","0","0","0","0","0","6"
"Washtenaw County: Ann Arbor","16","June","2017","2","1","0","0","0","0","0","0","0","1","4"
"Washtenaw County: Ann Arbor","16","July","2016","2","2","0","0","0","0","0","0","0","0","4"
"Washtenaw County: Ann Arbor","16","July","2017","2","1","0","0","0","0","0","0","0","0","3"
"Washtenaw County: Ann Arbor","16","August","2016","8","3","0","3","0","0","0","0","0","0","14"
"Washtenaw County: Ann Arbor","16","August","2017","3","0","0","0","0","0","0","0","0","0","3"
"Washtenaw County: Ann Arbor","16","September","2016","13","0","0","0","0","0","0","0","0","0","13"
"Washtenaw County: Ann Arbor","16","September","2017","6","0","0","0","0","0","0","0","0","0","6"
"Washtenaw County: Ann Arbor","16","October","2016","3","2","0","1","0","0","0","0","0","0","6"
"Washtenaw County: Ann Arbor","16","October","2017","3","1","0","0","0","0","0","0","0","0","4"
"Washtenaw County: Ann Arbor","16","November","2016","10","0","0","0","0","0","0","0","0","0","10"
"Washtenaw County: Ann Arbor","16","November","2017","7","3","0","0","0","0","0","0","0","1","11"
"Washtenaw County: Ann Arbor","16","December","2016","3","9","0","0","3","0","0","1","0","0","16"
"Washtenaw County: Ann Arbor","16","December","2017","2","1","0","0","1","0","0","0","0","0","4"
"Washtenaw County: Ann Arbor","17","January","2016","2","1","0","0","1","0","0","0","0","0","4"
"Washtenaw County: Ann Arbor","17","January","2017","2","1","0","5","0","0","0","0","0","0","8"
"Washtenaw County: Ann Arbor","17","February","2016","4","2","0","0","2","0","0","0","0","1","9"
"Washtenaw County: Ann Arbor","17","February","2017","7","0","0","0","0","0","0","0","0","2","9"
"Washtenaw County: Ann Arbor","17","March","2016","7","0","0","0","0","0","0","0","0","0","7"
"Washtenaw County: Ann Arbor","17","March","2017","2","6","0","0","2","0","2","1","0","1","14"
"Washtenaw County: Ann Arbor","17","April","2016","5","0","0","0","0","0","0","0","0","0","5"
"Washtenaw County: Ann Arbor","17","April","2017","13","2","0","0","0","0","0","0","0","0","15"
"Washtenaw County: Ann Arbor","17","May","2016","7","7","0","0","0","0","0","0","0","1","15"
"Washtenaw County: Ann Arbor","17","May","2017","7","2","0","0","0","0","0","0","0","1","10"
"Washtenaw County: Ann Arbor","17","June","2016","14","0","0","0","0","0","0","0","0","1","15"
"Washtenaw County: Ann Arbor","17","June","2017","4","0","0","0","0","0","0","0","1","0","5"
"Washtenaw County: Ann Arbor","17","July","2016","2","0","0","0","0","0","0","0","0","0","2"
"Washtenaw County: Ann Arbor","17","July","2017","9","0","0","0","0","0","0","0","0","0","9"
"Washtenaw County: Ann Arbor","17","August","2016","6","0","0","2","0","0","0","0","0","1","9"
"Washtenaw County: Ann Arbor","17","August","2017","7","1","0","5","0","0","0","0","0","0","13"
"Washtenaw County: Ann Arbor","17","September","2016","7","3","0","4","0","0","0","0","0","0","14"
"Washtenaw County: Ann Arbor","17","September","2017","3","0","0","0","0","0","0","0","0","0","3"
"Washtenaw County: Ann Arbor","17","October","2016","2","2","0","0","0","0","0","0","0","0","4"
"Washtenaw County: Ann Arbor","17","October","2017","8","0","0","0","0","0","0","0","0","0","8"
"Washtenaw County: Ann Arbor","17","November","2016","15","1","1","0","0","0","0","0","0","0","17"
"Washtenaw County: Ann Arbor","17","November","2017","4","5","0","1","0","0","0","0","0","0","10"
"Washtenaw County: Ann Arbor","17","December","2016","1","5","0","0","3","0","0","0","0","1","10"
"Washtenaw County: Ann Arbor","17","December","2017","2","4","0","0","0","0","0","0","0","0","6"
"Washtenaw County: Ann Arbor","18","January","2016","3","2","0","0","3","0","0","0","0","0","8"
"Washtenaw County: Ann Arbor","18","January","2017","3","3","0","0","0","0","0","0","0","0","6"
"Washtenaw County: Ann Arbor","18","February","2016","9","2","0","0","0","0","0","0","0","1","12"
"Washtenaw County: Ann Arbor","18","February","2017","3","0","0","0","0","0","0","0","0","0","3"
"Washtenaw County: Ann Arbor","18","March","2016","7","6","0","0","0","0","0","0","0","1","14"
"Washtenaw County: Ann Arbor","18","March","2017","0","3","0","1","10","0","0","0","0","0","14"
"Washtenaw County: Ann Arbor","18","April","2016","8","0","0","0","0","0","0","0","0","0","8"
"Washtenaw County: Ann Arbor","18","April","2017","4","0","0","0","0","0","0","0","0","0","4"
"Washtenaw County: Ann Arbor","18","May","2016","6","1","0","0","0","0","0","0","0","0","7"
"Washtenaw County: Ann Arbor","18","May","2017","9","0","0","0","0","0","0","0","0","0","9"
"Washtenaw County: Ann Arbor","18","June","2016","3","0","0","0","0","0","0","0","0","0","3"
"Washtenaw County: Ann Arbor","18","June","2017","3","0","0","0","0","0","0","0","0","0","3"
"Washtenaw County: Ann Arbor","18","July","2016","4","2","0","0","0","0","0","0","0","0","6"
"Washtenaw County: Ann Arbor","18","July","2017","9","0","0","0","0","0","0","0","0","0","9"
"Washtenaw County: Ann Arbor","18","August","2016","9","0","0","0","0","0","0","0","0","0","9"
"Washtenaw County: Ann Arbor","18","August","2017","3","1","0","0","0","0","0","0","0","0","4"
"Washtenaw County: Ann Arbor","18","September","2016","1","1","0","0","0","0","0","0","0","0","2"
"Washtenaw County: Ann Arbor","18","September","2017","3","2","0","0","0","0","0","0","0","1","6"
"Washtenaw County: Ann Arbor","18","October","2016","6","5","0","1","0","0","0","0","0","0","12"
"Washtenaw County: Ann Arbor","18","October","2017","8","0","0","0","0","0","0","0","0","0","8"
"Washtenaw County: Ann Arbor","18","November","2016","8","1","0","4","0","0","0","0","0","0","13"
"Washtenaw County: Ann Arbor","18","November","2017","0","3","0","4","1","0","0","0","0","0","8"
"Washtenaw County: Ann Arbor","18","December","2016","1","1","0","0","0","0","0","0","0","1","3"
"Washtenaw County: Ann Arbor","18","December","2017","2","5","0","3","0","0","0","0","0","0","10"
"Washtenaw County: Ann Arbor","19","January","2016","15","0","0","0","0","0","0","0","0","0","15"
"Washtenaw County: Ann Arbor","19","January","2017","4","1","0","0","0","0","0","0","0","0","5"
"Washtenaw County: Ann Arbor","19","February","2016","3","2","0","0","0","0","0","0","0","2","7"
"Washtenaw County: Ann Arbor","19","February","2017","6","0","0","0","0","0","0","0","0","0","6"
"Washtenaw County: Ann Arbor","19","March","2016","3","1","0","0","0","0","0","0","0","0","4"
"Washtenaw County: Ann Arbor","19","March","2017","3","2","0","0","0","0","0","0","0","0","5"
"Washtenaw County: Ann Arbor","19","April","2016","8","6","0","0","0","0","0","0","0","2","16"
"Washtenaw County: Ann Arbor","19","April","2017","3","2","0","4","0","0","0","0","0","0","9"
"Washtenaw County: Ann Arbor","19","May","2016","6","0","0","0","0","0","0","0","0","0","6"
"Washtenaw County: Ann Arbor","19","May","2017","4","6","0","2","0","0","0","0","0","0","12"
"Washtenaw County: Ann Arbor","19","June","2016","3","0","0","0","0","0","0","0","0","0","3"
"Washtenaw County: Ann Arbor","19","June","2017","4","1","0","1","0","0","0","0","0","0","6"
"Washtenaw County: Ann Arbor","19","July","2016","13","0","0","0","0","0","0","0","0","0","13"
"Washtenaw County: Ann Arbor","19","July","2017","16","0","0","0","0","0","0","0","0","0","16"
"Washtenaw County: Ann Arbor","19","August","2016","12","1","0","0","0","0","0","0","0","0","13"
"Washtenaw County: Ann Arbor","19","August","2017","3","1","0","0","0","0","0","0","0","0","4"
"Washtenaw County: Ann Arbor","19","September","2016","7","0","0","0","0","0","0","0","0","0","7"
"Washtenaw County: Ann Arbor","19","September","2017","2","3","0","1","0","0","0","0","0","1","7"
"Washtenaw County: Ann Arbor","19","October","2016","11","1","0","0","0","0","0","0","0","0","12"
"Washtenaw County: Ann Arbor","19","October","2017","7","0","0","0","0","0","0","0","0","0","7"
"Washtenaw County: Ann Arbor","19","November","2016","1","0","0","3","4","0","0","3","0","0","11"
"Washtenaw County: Ann Arbor","19","November","2017","1","2","0","0","1","0","0","0","0","0","4"
"Washtenaw County: Ann Arbor","19","December","2016","22","0","0","0","0","0","0","0","0","0","22"
"Washtenaw County: Ann Arbor","19","December","2017","6","1","0","0","0","0","0","0","0","1","8"
"Washtenaw County: Ann Arbor","20","January","2016","2","6","0","0","2","0","0","0","0","1","11"
"Washtenaw County: Ann Arbor","20","January","2017","1","1","4","6","0","0","0","0","0","0","12"
"Washtenaw County: Ann Arbor","20","February","2016","5","0","0","0","0","0","0","0","0","0","5"
"Washtenaw County: Ann Arbor","20","February","2017","4","0","0","0","0","0","0","0","0","0","4"
"Washtenaw County: Ann Arbor","20","March","2016","1","1","0","0","0","0","0","0","0","0","2"
"Washtenaw County: Ann Arbor","20","March","2017","5","4","0","2","0","0","0","0","0","0","11"
"Washtenaw County: Ann Arbor","20","April","2016","9","1","0","0","0","0","0","0","0","0","10"
"Washtenaw County: Ann Arbor","20","April","2017","0","5","0","6","0","0","0","0","0","0","11"
"Washtenaw County: Ann Arbor","20","May","2016","7","3","0","0","0","0","0","0","0","0","10"
"Washtenaw County: Ann Arbor","20","May","2017","3","2","0","1","0","0","0","0","0","0","6"
"Washtenaw County: Ann Arbor","20","June","2016","5","0","0","0","0","0","0","0","0","1","6"
"Washtenaw County: Ann Arbor","20","June","2017","5","5","1","1","0","0","0","0","0","1","13"
"Washtenaw County: Ann Arbor","20","July","2016","14","0","0","0","0","0","0","0","0","0","14"
"Washtenaw County: Ann Arbor","20","July","2017","9","0","0","0","0","0","0","0","0","0","9"
"Washtenaw County: Ann Arbor","20","August","2016","7","2","0","1","0","0","0","0","0","0","10"
"Washtenaw County: Ann Arbor","20","August","2017","2","0","0","0","0","0","0","0","0","0","2"
"Washtenaw County: Ann Arbor","20","September","2016","7","1","1","0","0","0","0","0","0","0","9"
"Washtenaw County: Ann Arbor","20","September","2017","8","0","0","0","0","0","0","0","0","0","8"
"Washtenaw County: Ann Arbor","20","October","2016","1","0","0","16","0","0","0","0","0","0","17"
"Washtenaw County: Ann Arbor","20","October","2017","12","3","0","0","0","0","0","0","0","0","15"
"Washtenaw County: Ann Arbor","20","November","2016","4","2","0","0","0","0","0","0","0","0","6"
"Washtenaw County: Ann Arbor","20","November","2017","6","1","0","0","0","0","0","0","0","0","7"
"Washtenaw County: Ann Arbor","20","December","2016","9","4","0","0","0","0","0","0","0","1","14"
"Washtenaw County: Ann Arbor","20","December","2017","7","0","0","0","0","0","0","0","0","0","7"
"Washtenaw County: Ann Arbor","21","January","2016","7","4","0","0","1","0","0","0","0","1","13"
"Washtenaw County: Ann Arbor","21","January","2017","8","2","1","0","0","0","0","0","0","0","11"
"Washtenaw County: Ann Arbor","21","February","2016","2","0","0","0","0","0","0","0","0","0","2"
"Washtenaw County: Ann Arbor","21","February","2017","4","3","0","0","0","0","0","0","0","1","8"
"Washtenaw County: Ann Arbor","21","March","2016","9","0","0","0","0","0","0","0","0","1","10"
"Washtenaw County: Ann Arbor","21","March","2017","6","1","0","0","0","0","0","0","0","0","7"
"Washtenaw County: Ann Arbor","21","April","2016","3","4","0","10","0","0","0","0","0","0","17"
"Washtenaw County: Ann Arbor","21","April","2017","3","5","0","0","0","0","0","0","0","0","8"
"Washtenaw County: Ann Arbor","21","May","2016","4","4","0","0","0","0","0","0","0","0","8"
"Washtenaw County: Ann Arbor","21","May","2017","2","1","0","0","0","0","0","0","0","0","3"
"Washtenaw County: Ann Arbor","21","June","2016","13","0","0","0","0","0","0","0","0","0","13"
"Washtenaw County: Ann Arbor","21","June","2017","5","1","0","0","0","0","0","0","0","0","6"
"Washtenaw County: Ann Arbor","21","July","2016","8","1","0","0","0","0","0","0","0","1","10"
"Washtenaw County: Ann Arbor","21","July","2017","10","0","0","0","0","0","0","0","0","1","11"
"Washtenaw County: Ann Arbor","21","August","2016","4","1","0","1","0","0","0","0","0","0","6"
"Washtenaw County: Ann Arbor","21","August","2017","3","1","0","0","0","0","0","0","0","0","4"
"Washtenaw County: Ann Arbor","21","September","2016","8","0","0","0","0","0","0","0","0","0","8"
"Washtenaw County: Ann Arbor","21","September","2017","9","0","0","0","0","0","0","0","0","1","10"
"Washtenaw County: Ann Arbor","21","October","2016","3","4","0","0","0","0","0","0","0","0","7"
"Washtenaw County: Ann Arbor","21","October","2017","2","0","0","0","0","0","0","0","0","0","2"
"Washtenaw County: Ann Arbor","21","November","2016","7","0","0","0","0","0","0","0","0","0","7"
"Washtenaw County: Ann Arbor","21","November","2017","3","4","0","11","0","0","0","0","0","2","20"
"Washtenaw County: Ann Arbor","21","December","2016","3","9","0","0","0","0","0","0","0","1","13"
"Washtenaw County: Ann Arbor","21","December","2017","2","3","0","0","0","0","0","0","0","0","5"
"Washtenaw County: Ann Arbor","22","January","2016","1","2","0","0","1","0","0","0","0","0","4"
"Washtenaw County: Ann Arbor","22","January","2017","1","0","3","0","0","0","0","0","0","0","4"
"Washtenaw County: Ann Arbor","22","February","2016","4","1","0","0","0","0","0","0","0","0","5"
"Washtenaw County: Ann Arbor","22","February","2017","4","2","0","0","0","0","0","0","0","0","6"
"Washtenaw County: Ann Arbor","22","March","2016","8","2","0","0","0","0","0","0","0","0","10"
"Washtenaw County: Ann Arbor","22","March","2017","4","0","0","0","0","0","0","0","0","1","5"
"Washtenaw County: Ann Arbor","22","April","2016","2","5","0","0","0","0","0","0","0","0","7"
"Washtenaw County: Ann Arbor","22","April","2017","10","0","0","0","0","0","0","0","0","0","10"
"Washtenaw County: Ann Arbor","22","May","2016","4","1","0","0","0","0","0","0","0","1","6"
"Washtenaw County: Ann Arbor","22","May","2017","4","3","0","0","0","0","0","0","0","0","7"
"Washtenaw County: Ann Arbor","22","June","2016","9","3","0","0","0","0","0","0","0","0","12"
"Washtenaw County: Ann Arbor","22","June","2017","1","3","0","2","0","0","0","0","0","0","6"
"Washtenaw County: Ann Arbor","22","July","2016","13","0","0","0","0","0","0","0","0","0","13"
"Washtenaw County: Ann Arbor","22","July","2017","1","1","0","0","0","0","0","0","0","0","2"
"Washtenaw County: Ann Arbor","22","August","2016","9","0","0","0","0","0","0","0","0","0","9"
"Washtenaw County: Ann Arbor","22","August","2017","4","2","0","2","0","0","0","0","0","1","9"
"Washtenaw County: Ann Arbor","22","September","2016","5","0","0","0","0","0","0","0","0","0","5"
"Washtenaw County: Ann Arbor","22","September","2017","6","0","0","0","0","0","0","0","0","1","7"
"Washtenaw County: Ann Arbor","22","October","2016","11","1","0","0","0","0","0","0","0","0","12"
"Washtenaw County: Ann Arbor","22","October","2017","5","0","0","0","0","0","0","0","0","0","5"